,open,high,low,close,volume,ma9,ma21,vwap,st_up,st_dn,st_trend,st
2026-07-14 13:15:00+05:30,661.2,664.45,660.9,662.5,41769.0,665.08,666.33,665.43,656.99,676.6,1,656.99
2026-07-14 13:45:00+05:30,662.35,667.45,662.0,667.45,41410.0,665.55,666.43,665.44,656.99,676.6,1,656.99
2026-07-14 14:15:00+05:30,667.25,667.85,663.3,664.65,19410.0,665.37,666.27,665.44,656.99,676.6,1,656.99
2026-07-14 14:45:00+05:30,664.7,667.5,664.0,666.05,64125.0,665.51,666.25,665.47,656.99,676.6,1,656.99
2026-07-14 15:15:00+05:30,665.8,667.6,665.8,667.0,62894.0,665.81,666.32,665.57,656.99,676.6,1,656.99
2026-07-15 09:15:00+05:30,674.8,676.0,668.1,672.85,152716.0,667.21,666.91,672.32,657.7,676.6,1,657.7
2026-07-15 09:45:00+05:30,672.75,673.7,670.6,673.4,106267.0,668.45,667.5,672.42,658.31,676.6,1,658.31
2026-07-15 10:15:00+05:30,673.0,673.4,670.4,673.2,177765.0,669.4,668.02,672.38,658.54,676.6,1,658.54
2026-07-15 10:45:00+05:30,673.1,674.55,671.1,673.45,288997.0,670.21,668.51,672.64,659.77,676.6,1,659.77
2026-07-15 11:15:00+05:30,673.25,674.7,671.0,674.7,476963.0,671.11,669.07,672.97,659.99,676.6,1,659.99
2026-07-15 11:45:00+05:30,674.9,675.5,673.5,675.1,399617.0,671.91,669.62,673.4,662.33,676.6,1,662.33
2026-07-15 12:15:00+05:30,675.1,675.1,665.4,666.75,197494.0,670.88,669.36,672.93,662.33,676.6,1,662.33
2026-07-15 12:45:00+05:30,666.9,667.8,663.5,664.35,52538.0,669.57,668.91,672.71,662.33,676.6,1,662.33
2026-07-15 13:15:00+05:30,664.45,668.0,663.95,667.95,31056.0,669.25,668.82,672.61,662.33,676.6,1,662.33
2026-07-15 13:45:00+05:30,667.95,668.9,666.75,668.05,28708.0,669.01,668.75,672.54,662.33,676.6,1,662.33
2026-07-15 14:15:00+05:30,668.05,669.0,667.15,668.8,28375.0,668.97,668.75,672.48,662.33,676.6,1,662.33
2026-07-15 14:45:00+05:30,668.8,669.45,666.0,669.3,77840.0,669.03,668.8,672.31,662.33,676.6,1,662.33
2026-07-15 15:15:00+05:30,669.5,670.6,666.3,669.2,74842.0,669.07,668.84,672.18,662.33,676.6,1,662.33
2026-07-16 09:15:00+05:30,668.25,672.75,666.0,671.75,97912.0,669.6,669.1,670.17,662.33,676.6,1,662.33
2026-07-16 09:45:00+05:30,671.75,673.85,669.85,670.45,46946.0,669.77,669.23,670.56,662.33,676.6,1,662.33
2026-07-16 10:15:00+05:30,670.45,675.3,669.7,673.45,60150.0,670.51,669.61,671.22,662.33,676.6,1,662.33
2026-07-16 10:45:00+05:30,673.25,677.5,673.0,676.55,126880.0,671.72,670.24,672.93,662.33,676.6,1,662.33
2026-07-16 11:15:00+05:30,676.55,689.2,676.15,688.0,470685.0,674.97,671.86,679.69,666.85,676.6,1,666.85
2026-07-16 11:45:00+05:30,688.45,690.6,681.25,681.5,384945.0,676.28,672.73,681.23,668.88,702.97,1,668.88
2026-07-16 12:15:00+05:30,681.1,685.75,677.6,677.7,281791.0,676.56,673.18,681.06,668.88,699.46,1,668.88
2026-07-16 12:45:00+05:30,678.0,679.85,674.7,679.35,89830.0,677.12,673.74,680.88,668.88,694.83,1,668.88
2026-07-16 13:15:00+05:30,679.4,680.0,675.35,678.0,145671.0,677.3,674.13,680.62,668.88,694.83,1,668.88
2026-07-16 13:45:00+05:30,678.0,681.95,677.8,680.55,94543.0,677.95,674.71,680.59,668.88,694.83,1,668.88
2026-07-16 14:15:00+05:30,680.25,681.65,678.5,679.15,141364.0,678.19,675.12,680.53,668.88,694.83,1,668.88
2026-07-16 14:45:00+05:30,679.35,684.9,678.4,684.7,536012.0,679.49,675.99,680.99,668.88,694.83,1,668.88
2026-07-16 15:15:00+05:30,684.5,686.4,683.05,683.4,293008.0,680.27,676.66,681.34,669.01,694.83,1,669.01
2026-07-17 09:15:00+05:30,684.0,692.35,680.35,691.7,635870.0,682.56,678.03,688.13,669.01,694.83,1,669.01
2026-07-17 09:45:00+05:30,691.45,698.45,691.35,698.2,746478.0,685.69,679.86,692.38,676.8,694.83,1,676.8
2026-07-17 10:15:00+05:30,698.25,701.5,696.0,697.3,503020.0,688.01,681.45,693.95,680.81,716.69,1,680.81
2026-07-17 10:45:00+05:30,697.35,699.9,696.7,698.75,276055.0,690.16,683.02,694.53,681.2,715.4,1,681.2
2026-07-17 11:15:00+05:30,698.8,700.95,697.3,698.85,327667.0,691.9,684.46,695.12,682.64,715.4,1,682.64
2026-07-17 11:45:00+05:30,699.05,706.25,698.95,700.0,587901.0,693.52,685.87,696.38,685.54,715.4,1,685.54
2026-07-17 12:15:00+05:30,700.3,701.0,699.3,701.0,170983.0,695.01,687.25,696.6,685.54,715.4,1,685.54
2026-07-17 12:45:00+05:30,700.9,704.0,699.6,701.25,196669.0,696.26,688.52,696.88,686.2,715.4,1,686.2
2026-07-17 13:15:00+05:30,701.45,703.0,700.05,701.0,127716.0,697.21,689.66,697.04,686.6,715.4,1,686.6
2026-07-17 13:45:00+05:30,700.65,701.25,699.65,699.85,171776.0,697.74,690.58,697.19,686.6,714.36,1,686.6
2026-07-17 14:15:00+05:30,700.35,704.1,699.7,702.55,254612.0,698.7,691.67,697.5,688.06,714.36,1,688.06
2026-07-17 14:45:00+05:30,702.8,704.75,701.65,704.4,312287.0,699.84,692.83,697.95,689.81,714.36,1,689.81
2026-07-17 15:15:00+05:30,704.4,708.4,704.05,704.85,379831.0,700.84,693.92,698.58,692.87,714.36,1,692.87
2026-07-20 09:15:00+05:30,704.2,715.5,704.2,711.9,577173.0,703.05,695.56,710.53,694.44,714.36,1,694.44
2026-07-20 09:45:00+05:30,711.95,715.0,709.2,710.0,168066.0,704.44,696.87,710.73,696.49,714.36,1,696.49
2026-07-20 10:15:00+05:30,710.0,710.0,707.15,708.75,273879.0,705.3,697.95,710.17,696.49,714.36,1,696.49
2026-07-20 10:45:00+05:30,708.55,711.55,705.05,706.25,125232.0,705.49,698.7,709.89,696.49,714.36,1,696.49
2026-07-20 11:15:00+05:30,706.3,711.5,703.85,710.45,175610.0,706.48,699.77,709.72,696.49,714.36,1,696.49
2026-07-20 11:45:00+05:30,710.45,710.7,701.3,705.4,383009.0,706.27,700.28,708.83,696.49,714.36,1,696.49
2026-07-20 12:15:00+05:30,705.4,707.55,704.5,706.65,55025.0,706.34,700.86,708.75,696.49,714.36,1,696.49
2026-07-20 12:45:00+05:30,706.65,707.7,705.1,707.45,38033.0,706.57,701.46,708.71,696.49,714.36,1,696.49
2026-07-20 13:15:00+05:30,707.45,708.8,707.25,707.7,60493.0,706.79,702.03,708.69,696.49,714.36,1,696.49
2026-07-20 13:45:00+05:30,707.7,713.95,707.25,711.0,584943.0,707.63,702.84,709.18,696.49,714.36,1,696.49
2026-07-20 14:15:00+05:30,710.65,711.95,709.2,709.75,35758.0,708.06,703.47,709.19,696.49,714.36,1,696.49
2026-07-20 14:45:00+05:30,709.8,713.65,709.65,713.0,108133.0,709.05,704.34,709.31,697.48,714.36,1,697.48
2026-07-20 15:15:00+05:30,713.0,718.5,712.55,717.5,222939.0,710.74,705.53,709.86,700.99,714.36,1,700.99
2026-07-21 09:15:00+05:30,720.75,723.95,715.6,720.0,348106.0,712.59,706.85,719.85,704.19,735.36,1,704.19
2026-07-21 09:45:00+05:30,719.6,722.3,717.3,721.5,152851.0,714.37,708.18,720.01,704.27,735.33,1,704.27
2026-07-21 10:15:00+05:30,721.45,721.45,717.9,718.55,93506.0,715.21,709.12,719.9,704.62,734.73,1,704.62
2026-07-21 10:45:00+05:30,718.95,722.45,717.75,719.4,129770.0,716.05,710.06,719.89,705.14,734.73,1,705.14
2026-07-21 11:15:00+05:30,719.4,720.3,717.5,717.85,224996.0,716.41,710.77,719.57,705.14,733.21,1,705.14
2026-07-21 11:45:00+05:30,717.75,728.05,717.75,725.45,507586.0,718.22,712.1,721.03,706.94,733.21,1,706.94
2026-07-21 12:15:00+05:30,725.4,732.95,724.0,732.3,549297.0,721.03,713.94,723.42,711.42,733.21,1,711.42
2026-07-21 12:45:00+05:30,732.05,732.35,729.15,731.2,128127.0,723.07,715.51,723.87,714.44,733.21,1,714.44
2026-07-21 13:15:00+05:30,731.25,734.05,728.5,730.0,183181.0,724.45,716.82,724.42,714.93,733.21,1,714.93
2026-07-21 13:45:00+05:30,730.0,731.05,729.35,729.55,140856.0,725.47,717.98,724.74,714.98,733.21,1,714.98
2026-07-21 14:15:00+05:30,729.5,731.0,729.0,730.0,116104.0,726.38,719.07,724.97,715.7,733.21,1,715.7
2026-07-21 14:45:00+05:30,729.95,734.2,729.85,733.5,209161.0,727.8,720.39,725.54,717.85,733.21,1,717.85
2026-07-21 15:15:00+05:30,733.3,734.1,730.65,732.2,267926.0,728.68,721.46,726.14,718.59,746.16,1,718.59
2026-07-22 09:15:00+05:30,730.55,739.4,728.5,731.1,168451.0,729.17,722.34,733.0,718.59,746.16,1,718.59
2026-07-22 09:45:00+05:30,731.3,732.2,725.45,725.55,258898.0,728.44,722.63,729.81,718.59,744.96,1,718.59
2026-07-22 10:15:00+05:30,725.45,727.8,723.25,724.15,283470.0,727.58,722.77,727.92,718.59,741.41,1,718.59
2026-07-22 10:45:00+05:30,724.15,730.4,722.55,727.35,197327.0,727.54,723.18,727.67,718.59,741.41,1,718.59
2026-07-22 11:15:00+05:30,727.1,731.25,727.1,729.25,82552.0,727.88,723.73,727.8,718.59,741.41,1,718.59
2026-07-22 11:45:00+05:30,729.55,729.75,725.8,726.6,40704.0,727.62,724.0,727.78,718.59,741.41,1,718.59
2026-07-22 12:15:00+05:30,726.75,726.75,723.0,723.8,72901.0,726.86,723.98,727.56,718.59,740.22,1,718.59
2026-07-22 12:45:00+05:30,723.8,724.05,722.1,722.75,118978.0,726.04,723.87,727.12,718.59,737.47,1,718.59
2026-07-22 13:15:00+05:30,722.6,723.7,720.85,722.05,116548.0,725.24,723.7,726.69,718.59,736.08,1,718.59
2026-07-22 13:45:00+05:30,722.05,722.55,721.1,721.2,42034.0,724.43,723.47,726.53,718.59,734.69,1,718.59
2026-07-22 14:15:00+05:30,721.2,723.15,719.95,722.35,136525.0,724.02,723.37,726.11,718.59,734.09,1,718.59
2026-07-22 14:45:00+05:30,722.35,728.95,721.75,728.25,261209.0,724.86,723.81,726.14,718.59,734.09,1,718.59
2026-07-22 15:15:00+05:30,728.1,728.45,724.3,724.3,201511.0,724.75,723.86,726.09,718.59,734.09,1,718.59
2026-07-23 09:15:00+05:30,724.65,725.2,704.25,718.95,258953.0,723.59,723.41,716.13,718.59,733.02,1,718.59
2026-07-23 09:45:00+05:30,719.0,721.7,716.25,717.5,192905.0,722.37,722.88,717.14,718.59,733.02,-1,733.02
2026-07-23 10:15:00+05:30,718.45,727.4,717.75,726.5,646375.0,723.2,723.2,721.11,703.32,733.02,-1,733.02
2026-07-23 10:45:00+05:30,726.5,730.3,725.45,728.15,342814.0,724.19,723.65,722.74,709.09,733.02,-1,733.02
2026-07-23 11:15:00+05:30,728.4,730.7,724.0,726.85,364818.0,724.72,723.94,723.64,709.09,733.02,-1,733.02
2026-07-23 11:45:00+05:30,726.85,729.05,724.7,728.4,277338.0,725.46,724.35,724.14,709.09,733.02,-1,733.02
2026-07-23 12:15:00+05:30,728.2,730.5,724.8,729.55,330088.0,726.28,724.82,724.7,709.44,733.02,-1,733.02
2026-07-23 12:45:00+05:30,729.55,730.8,724.3,724.65,248177.0,725.95,724.81,724.88,709.44,733.02,-1,733.02
2026-07-23 13:15:00+05:30,724.55,725.6,721.2,722.7,121936.0,725.3,724.62,724.8,709.44,733.02,-1,733.02
2026-07-23 13:45:00+05:30,722.45,725.15,722.15,724.55,124679.0,725.15,724.61,724.77,709.44,733.02,-1,733.02
2026-07-23 14:15:00+05:30,724.6,727.0,722.95,724.35,166512.0,724.99,724.59,724.77,709.44,733.02,-1,733.02
2026-07-23 14:45:00+05:30,724.2,724.95,719.4,722.0,650828.0,724.39,724.35,724.3,709.44,733.02,-1,733.02
2026-07-23 15:15:00+05:30,722.05,722.6,713.65,719.75,408484.0,723.46,723.93,723.75,709.44,733.02,-1,733.02
2026-07-24 09:15:00+05:30,707.0,741.45,707.0,737.1,1292162.0,726.19,725.13,728.52,709.44,733.02,1,709.44
2026-07-24 09:45:00+05:30,736.7,737.5,705.15,712.55,1817810.0,723.46,723.99,722.6,709.44,754.52,1,709.44
2026-07-24 10:15:00+05:30,712.55,723.95,711.7,723.95,625182.0,723.56,723.98,722.15,709.44,751.38,1,709.44
2026-07-24 10:45:00+05:30,723.5,726.65,719.9,724.0,472254.0,723.65,723.98,722.3,709.44,751.38,1,709.44
2026-07-24 11:15:00+05:30,724.1,731.8,723.95,731.0,379082.0,725.12,724.62,722.85,709.44,751.38,1,709.44
2026-07-24 11:45:00+05:30,731.0,735.5,725.2,728.0,653724.0,725.69,724.93,723.68,709.44,751.38,1,709.44
2026-07-24 12:15:00+05:30,728.0,735.65,727.2,732.1,514224.0,726.98,725.58,724.4,709.44,751.38,1,709.44
2026-07-24 12:45:00+05:30,732.2,733.5,727.0,727.95,439788.0,727.17,725.8,724.76,709.44,751.38,1,709.44
2026-07-24 13:15:00+05:30,728.0,730.3,718.6,718.6,279469.0,725.46,725.14,724.66,709.44,751.38,1,709.44
2026-07-24 13:45:00+05:30,718.85,726.45,716.5,723.65,518474.0,725.1,725.01,724.48,709.44,751.38,1,709.44
2026-07-24 14:15:00+05:30,723.65,724.0,718.3,724.0,592968.0,724.88,724.92,724.29,709.44,749.96,1,709.44
2026-07-24 14:45:00+05:30,723.85,724.15,717.0,718.3,201558.0,723.56,724.31,724.18,709.44,748.65,1,709.44
2026-07-24 15:15:00+05:30,718.3,719.75,716.1,717.95,179409.0,722.44,723.74,724.04,709.44,744.29,1,709.44
2026-07-27 09:15:00+05:30,720.0,725.0,716.35,721.5,268751.0,722.25,723.53,720.95,709.44,744.29,1,709.44
2026-07-27 09:45:00+05:30,721.7,723.75,716.1,718.15,129676.0,721.43,723.04,720.42,709.44,744.29,1,709.44
2026-07-27 10:15:00+05:30,718.55,727.0,717.45,726.25,223294.0,722.39,723.33,721.55,709.44,744.29,1,709.44
2026-07-27 10:45:00+05:30,726.6,727.65,716.65,718.0,203792.0,721.52,722.85,721.36,709.44,744.29,1,709.44
2026-07-27 11:15:00+05:30,717.95,722.0,714.5,721.5,372675.0,721.51,722.73,720.73,709.44,744.29,1,709.44
2026-07-27 11:45:00+05:30,721.1,723.0,718.1,721.4,252085.0,721.49,722.61,720.75,709.44,744.29,1,709.44
2026-07-27 12:15:00+05:30,721.95,725.0,720.5,722.05,256699.0,721.6,722.56,721.01,709.44,744.29,1,709.44
2026-07-27 12:45:00+05:30,722.0,723.95,720.1,720.5,173962.0,721.38,722.37,721.06,709.44,744.29,1,709.44
2026-07-27 13:15:00+05:30,720.6,723.5,720.6,723.15,117477.0,721.74,722.44,721.14,709.44,743.53,1,709.44
2026-07-27 13:45:00+05:30,723.15,724.0,721.0,722.45,260676.0,721.88,722.44,721.29,709.44,742.73,1,709.44
2026-07-27 14:15:00+05:30,722.65,722.7,719.95,722.5,84874.0,722.0,722.45,721.31,709.44,740.36,1,709.44
2026-07-27 14:45:00+05:30,722.25,722.85,720.0,721.4,106820.0,721.88,722.35,721.31,709.44,739.41,1,709.44
2026-07-27 15:15:00+05:30,721.1,722.0,718.15,720.9,231576.0,721.69,722.22,721.23,709.44,737.42,1,709.44
2026-07-28 09:15:00+05:30,721.4,721.55,710.8,712.6,164578.0,719.87,721.34,714.98,709.44,735.01,1,709.44
2026-07-28 09:45:00+05:30,712.95,713.1,707.9,710.2,174778.0,717.93,720.33,712.62,709.44,729.01,1,709.44
2026-07-28 10:15:00+05:30,710.2,715.5,710.05,712.2,78333.0,716.79,719.59,712.62,709.44,729.01,1,709.44
2026-07-28 10:45:00+05:30,712.05,712.6,710.0,711.2,141869.0,715.67,718.83,712.27,709.44,728.54,1,709.44
2026-07-28 11:15:00+05:30,711.25,713.3,710.25,711.6,96908.0,714.86,718.17,712.19,709.44,728.21,1,709.44
2026-07-28 11:45:00+05:30,711.2,711.9,709.6,711.4,72749.0,714.16,717.56,712.07,709.44,726.23,1,709.44
2026-07-28 12:15:00+05:30,711.8,712.8,709.3,712.3,141510.0,713.79,717.08,711.97,709.44,726.03,1,709.44
2026-07-28 12:45:00+05:30,712.5,714.2,710.1,712.35,183592.0,713.5,716.65,712.01,709.44,726.03,1,709.44
2026-07-28 13:15:00+05:30,712.45,713.5,710.6,712.0,83519.0,713.2,716.23,712.02,709.44,726.03,1,709.44
2026-07-28 13:45:00+05:30,711.55,713.05,710.6,711.9,88735.0,712.94,715.83,712.0,709.44,725.26,1,709.44
2026-07-28 14:15:00+05:30,712.0,715.9,710.05,714.8,232741.0,713.31,715.74,712.26,709.44,725.26,1,709.44
2026-07-28 14:45:00+05:30,714.75,715.25,711.6,713.4,195025.0,713.33,715.53,712.39,709.44,725.26,1,709.44
2026-07-28 15:15:00+05:30,713.5,714.6,710.45,713.0,209840.0,713.26,715.3,712.43,709.44,725.26,1,709.44
2026-07-29 09:15:00+05:30,717.7,724.0,714.0,719.5,262165.0,714.51,715.68,719.17,709.44,725.26,1,709.44
2026-07-29 09:45:00+05:30,719.55,721.7,717.5,719.3,88646.0,715.47,716.01,719.25,709.44,725.26,1,709.44
2026-07-29 10:15:00+05:30,719.4,720.0,718.25,719.25,61301.0,716.23,716.3,719.24,709.44,725.26,1,709.44
2026-07-29 10:45:00+05:30,719.25,722.65,718.25,721.65,110023.0,717.31,716.79,719.58,709.44,725.26,1,709.44
2026-07-29 11:15:00+05:30,721.5,722.6,720.45,721.6,48101.0,718.17,717.23,719.74,709.44,725.26,1,709.44
2026-07-29 11:45:00+05:30,721.8,722.0,716.0,718.4,152243.0,718.21,717.33,719.55,709.44,725.26,1,709.44
2026-07-29 12:15:00+05:30,717.9,718.3,714.1,716.0,83399.0,717.77,717.21,719.19,709.44,725.26,1,709.44
2026-07-29 12:45:00+05:30,716.0,716.45,715.3,716.0,104301.0,717.42,717.1,718.82,709.44,725.26,1,709.44
2026-07-29 13:15:00+05:30,716.0,718.95,715.8,717.0,58024.0,717.33,717.09,718.72,709.44,725.26,1,709.44
2026-07-29 13:45:00+05:30,716.9,719.35,716.9,718.85,75481.0,717.64,717.25,718.7,709.44,725.26,1,709.44
2026-07-29 14:15:00+05:30,719.0,719.6,717.25,718.0,71451.0,717.71,717.32,718.67,709.44,725.26,1,709.44
2026-07-29 14:45:00+05:30,718.0,721.85,717.5,721.15,472386.0,718.4,717.67,719.12,709.44,725.26,1,709.44
2026-07-29 15:15:00+05:30,721.4,723.6,721.4,722.35,124470.0,719.19,718.09,719.36,711.4,725.26,1,711.4
2026-07-30 09:15:00+05:30,717.85,736.0,717.5,732.3,730194.0,721.81,719.39,728.6,711.4,725.26,1,711.4
2026-07-30 09:45:00+05:30,731.75,738.0,731.75,736.9,323104.0,724.83,720.98,730.73,719.01,750.74,1,719.01
2026-07-30 10:15:00+05:30,737.0,743.7,737.0,742.2,603305.0,728.3,722.91,734.46,724.03,750.74,1,724.03
2026-07-30 10:45:00+05:30,742.1,745.4,738.75,743.25,419718.0,731.29,724.76,736.08,725.39,750.74,1,725.39
2026-07-30 11:15:00+05:30,743.3,748.65,741.05,745.0,918451.0,734.03,726.6,738.78,727.56,750.74,1,727.56
2026-07-30 11:45:00+05:30,745.0,751.8,742.35,750.5,722317.0,737.33,728.77,740.62,728.68,750.74,1,728.68
2026-07-30 12:15:00+05:30,750.4,754.3,750.0,753.85,835744.0,740.63,731.05,742.84,734.3,750.74,1,734.3
2026-07-30 12:45:00+05:30,753.1,754.8,749.85,750.9,486944.0,742.69,732.85,743.71,734.78,769.87,1,734.78
2026-07-30 13:15:00+05:30,750.75,753.7,749.4,753.45,210857.0,744.84,734.73,744.05,734.78,768.63,1,734.78
2026-07-30 13:45:00+05:30,753.45,754.65,751.45,751.55,276968.0,746.18,736.26,744.47,736.71,768.63,1,736.71
2026-07-30 14:15:00+05:30,751.55,756.85,751.1,756.45,417101.0,748.23,738.09,745.2,737.55,768.63,1,737.55
2026-07-30 14:45:00+05:30,756.4,763.0,756.25,762.0,957408.0,750.99,740.27,747.31,742.82,768.63,1,742.82
2026-07-30 15:15:00+05:30,762.45,767.45,762.0,767.3,819584.0,754.25,742.72,749.25,747.96,768.63,1,747.96
2026-07-31 09:15:00+05:30,769.35,770.4,762.25,765.65,458068.0,756.53,744.81,766.1,748.79,768.63,1,748.79
2026-07-31 09:45:00+05:30,765.5,769.5,764.15,768.8,189794.0,758.98,746.99,766.51,749.44,768.63,1,749.44
2026-07-31 10:15:00+05:30,768.8,771.6,766.05,767.85,274195.0,760.76,748.88,767.1,751.51,786.14,1,751.51
2026-07-31 10:45:00+05:30,768.1,770.0,765.25,769.8,167560.0,762.57,750.79,767.29,751.51,784.63,1,751.51
2026-07-31 11:15:00+05:30,769.5,769.75,767.5,769.25,96467.0,763.9,752.46,767.42,752.63,784.62,1,752.63
2026-07-31 11:45:00+05:30,769.15,771.85,769.05,770.0,152707.0,765.12,754.06,767.75,755.22,784.62,1,755.22
2026-07-31 12:15:00+05:30,769.85,770.95,769.0,770.8,55710.0,766.26,755.58,767.85,755.68,784.27,1,755.68
2026-07-31 12:45:00+05:30,770.65,770.9,767.75,770.5,100407.0,767.11,756.94,767.97,755.68,783.14,1,755.68
2026-07-31 13:15:00+05:30,770.45,770.5,768.05,769.75,109633.0,767.63,758.1,768.07,756.11,782.44,1,756.11
2026-07-31 13:45:00+05:30,769.8,772.95,769.55,771.3,210407.0,768.37,759.3,768.44,758.38,782.44,1,758.38
2026-07-31 14:15:00+05:30,771.3,771.45,768.55,769.2,131765.0,768.53,760.2,768.53,758.38,782.44,1,758.38
2026-07-31 14:45:00+05:30,769.65,771.4,769.05,770.05,365042.0,768.84,761.1,768.79,758.38,782.14,1,758.38
2026-07-31 15:15:00+05:30,769.65,770.35,765.2,765.2,301212.0,768.11,761.47,768.57,758.38,780.04,1,758.38
2026-08-03 09:15:00+05:30,769.0,783.05,769.0,782.0,340776.0,770.89,763.34,778.02,759.63,780.04,1,759.63
2026-08-03 09:45:00+05:30,781.7,785.0,780.8,783.6,281789.0,773.43,765.18,780.33,766.89,798.91,1,766.89
2026-08-03 10:15:00+05:30,783.25,783.95,778.5,779.95,154882.0,774.73,766.52,780.43,766.89,797.27,1,766.89
2026-08-03 10:45:00+05:30,780.0,782.65,779.7,779.95,179494.0,775.78,767.74,780.49,766.89,796.5,1,766.89
2026-08-03 11:15:00+05:30,779.7,783.9,777.7,783.3,233197.0,777.28,769.16,780.71,766.89,796.46,1,766.89
2026-08-03 11:45:00+05:30,783.2,784.45,782.0,782.55,120206.0,778.34,770.37,780.92,768.4,796.46,1,768.4
2026-08-03 12:15:00+05:30,782.55,784.0,780.3,780.9,117901.0,778.85,771.33,780.99,768.4,796.46,1,768.4
2026-08-03 12:45:00+05:30,781.05,782.0,779.95,781.8,114298.0,779.44,772.28,781.01,768.4,794.6,1,768.4
2026-08-03 13:15:00+05:30,781.85,781.85,776.1,778.4,139862.0,779.23,772.84,780.82,768.4,792.96,1,768.4
2026-08-03 13:45:00+05:30,777.95,782.0,777.45,780.0,267870.0,779.38,773.49,780.69,768.4,792.96,1,768.4
2026-08-03 14:15:00+05:30,780.0,781.8,780.0,781.8,146337.0,779.87,774.25,780.72,768.4,792.96,1,768.4
2026-08-03 14:45:00+05:30,781.8,785.0,780.0,785.0,324347.0,780.89,775.22,781.07,769.21,792.96,1,769.21
2026-08-04 09:15:00+05:30,781.35,784.8,777.3,781.85,91431.0,781.09,775.83,781.32,769.21,792.96,1,769.21
2026-08-04 09:45:00+05:30,781.85,783.7,780.15,781.0,105784.0,781.07,776.3,781.48,769.21,792.96,1,769.21
2026-08-04 10:15:00+05:30,780.95,781.25,776.55,778.4,140097.0,780.53,776.49,780.34,769.21,792.83,1,769.21
2026-08-04 10:45:00+05:30,778.4,782.25,774.5,780.95,216264.0,780.62,776.89,779.91,769.21,792.83,1,769.21
2026-08-04 11:15:00+05:30,781.0,783.95,780.1,782.05,88122.0,780.9,777.36,780.2,769.21,792.83,1,769.21
2026-08-04 11:45:00+05:30,781.8,784.0,781.15,782.95,54082.0,781.31,777.87,780.39,769.21,792.83,1,769.21
2026-08-04 12:15:00+05:30,783.0,789.55,782.45,788.15,160527.0,782.68,778.8,781.58,771.33,792.83,1,771.33
2026-08-04 12:45:00+05:30,788.4,794.0,788.2,789.05,366294.0,783.95,779.74,784.23,776.15,792.83,1,776.15
2026-08-04 13:15:00+05:30,788.6,790.5,787.9,789.3,106474.0,785.02,780.61,784.63,776.15,792.83,1,776.15
2026-08-04 13:45:00+05:30,789.25,790.8,784.1,784.1,235780.0,784.84,780.92,784.88,776.15,792.83,1,776.15
2026-08-04 14:15:00+05:30,784.4,786.8,783.55,784.7,191660.0,784.81,781.27,784.9,776.15,792.83,1,776.15
2026-08-04 14:45:00+05:30,784.7,789.2,784.15,786.0,220817.0,785.05,781.7,785.07,776.15,792.83,1,776.15
2026-08-04 15:15:00+05:30,787.0,787.0,787.0,787.0,9293.0,785.44,782.18,785.08,776.15,792.83,1,776.15
2026-08-05 09:15:00+05:30,790.9,797.0,785.7,795.8,210012.0,787.51,783.42,792.83,776.15,792.83,1,776.15
2026-08-05 09:45:00+05:30,796.3,799.95,795.85,798.7,220181.0,789.75,784.81,795.56,782.86,812.94,1,782.86
2026-08-05 10:15:00+05:30,798.9,807.9,796.95,807.25,359099.0,793.25,786.85,799.42,785.61,812.94,1,785.61
2026-08-05 10:45:00+05:30,807.7,811.0,805.45,806.3,312595.0,795.86,788.62,801.73,791.42,812.94,1,791.42
2026-08-05 11:15:00+05:30,806.3,806.95,803.25,804.9,127220.0,797.67,790.1,802.08,791.42,812.94,1,791.42
2026-08-05 11:45:00+05:30,804.8,813.35,804.8,809.75,158726.0,800.08,791.88,802.9,791.9,812.94,1,791.9
2026-08-05 12:15:00+05:30,809.95,817.7,809.7,812.6,594806.0,802.59,793.77,806.03,795.84,812.94,1,795.84
2026-08-05 12:45:00+05:30,812.65,815.8,811.0,813.65,216339.0,804.8,795.57,806.76,795.89,812.94,1,795.89
2026-08-05 13:15:00+05:30,813.65,818.4,812.9,817.6,130840.0,807.36,797.58,807.3,798.24,833.06,1,798.24
2026-08-05 13:45:00+05:30,817.45,822.5,817.45,820.9,295218.0,810.07,799.7,808.76,802.79,833.06,1,802.79
2026-08-05 14:15:00+05:30,820.55,822.7,819.05,819.65,391923.0,811.98,801.51,810.28,804.31,833.06,1,804.31
2026-08-05 14:45:00+05:30,819.65,821.5,815.15,816.9,516736.0,812.97,802.91,811.39,804.31,833.06,1,804.31
2026-08-05 15:15:00+05:30,816.9,816.9,814.6,814.6,44209.0,813.29,803.97,811.44,804.31,831.57,1,804.31
2026-08-06 09:15:00+05:30,821.0,822.7,813.55,822.55,180167.0,815.15,805.66,819.6,804.31,831.57,1,804.31
2026-08-06 09:45:00+05:30,822.3,824.5,821.45,822.2,160404.0,816.56,807.16,821.07,806.78,831.57,1,806.78
2026-08-06 10:15:00+05:30,821.65,821.7,817.0,818.5,138021.0,816.94,808.2,820.49,806.78,831.57,1,806.78
2026-08-06 10:45:00+05:30,818.5,818.5,812.15,812.65,133100.0,816.09,808.6,819.17,806.78,831.57,1,806.78
2026-08-06 11:15:00+05:30,812.6,813.0,803.85,806.0,279025.0,814.07,808.36,815.55,806.78,825.96,-1,825.96
2026-08-06 11:45:00+05:30,806.0,806.0,795.5,796.55,264191.0,810.56,807.29,811.85,781.82,819.68,-1,819.68
2026-08-06 12:15:00+05:30,796.7,797.6,793.65,796.25,309355.0,807.7,806.29,808.46,781.82,813.85,-1,813.85
2026-08-06 12:45:00+05:30,796.2,797.35,791.4,791.6,239170.0,804.48,804.95,806.36,781.82,812.56,-1,812.56
2026-08-06 13:15:00+05:30,791.5,795.05,791.4,791.65,193758.0,801.92,803.74,804.96,781.82,810.69,-1,810.69
2026-08-06 13:45:00+05:30,791.8,793.3,790.75,790.9,148153.0,799.71,802.57,804.0,781.82,808.5,-1,808.5
2026-08-06 14:15:00+05:30,790.95,791.95,788.95,789.5,161320.0,797.67,801.39,802.98,781.82,806.18,-1,806.18
2026-08-06 14:45:00+05:30,789.6,790.45,786.35,789.6,337152.0,796.06,800.31,801.1,781.82,803.79,-1,803.79
2026-08-06 15:15:00+05:30,792.0,792.0,789.45,792.0,22843.0,795.24,799.56,801.01,781.82,803.79,-1,803.79
2026-08-07 09:15:00+05:30,788.85,797.2,788.75,797.05,172267.0,795.61,799.33,794.33,781.82,803.79,-1,803.79
2026-08-07 09:45:00+05:30,797.05,800.35,795.8,796.0,140515.0,795.68,799.03,795.7,782.59,803.79,-1,803.79
2026-08-07 10:15:00+05:30,796.0,798.75,794.1,798.1,76526.0,796.17,798.94,795.96,782.59,803.79,-1,803.79
2026-08-07 10:45:00+05:30,798.6,799.5,791.65,792.1,90730.0,795.35,798.32,795.66,782.59,803.79,-1,803.79
2026-08-07 11:15:00+05:30,792.15,795.2,791.65,794.65,68075.0,795.21,797.99,795.44,782.59,803.79,-1,803.79
2026-08-07 11:45:00+05:30,794.65,796.0,789.25,790.5,163897.0,794.27,797.31,794.63,782.59,803.79,-1,803.79
2026-08-07 12:15:00+05:30,790.2,791.7,789.55,790.95,42978.0,793.61,796.73,794.4,782.59,803.79,-1,803.79
2026-08-07 12:45:00+05:30,791.4,811.7,791.0,810.9,919605.0,797.07,798.02,799.97,782.59,803.79,1,782.59
2026-08-07 13:15:00+05:30,810.85,814.1,807.4,813.65,709370.0,800.38,799.44,803.46,790.9,830.6,1,790.9
2026-08-07 13:45:00+05:30,815.4,819.7,812.1,816.6,431501.0,803.63,801.0,805.41,795.76,830.6,1,795.76
2026-08-07 14:15:00+05:30,816.55,820.6,813.0,815.7,442208.0,806.04,802.34,806.9,796.39,830.6,1,796.39
2026-08-07 14:45:00+05:30,815.75,821.0,815.0,820.4,384358.0,808.91,803.98,808.16,797.83,830.6,1,797.83
2026-08-07 15:15:00+05:30,820.2,820.2,818.05,818.05,18185.0,810.74,805.26,808.21,800.27,830.6,1,800.27
2026-08-10 09:15:00+05:30,822.0,836.75,819.25,822.25,587677.0,813.04,806.8,826.08,805.42,830.6,1,805.42
2026-08-10 09:45:00+05:30,822.15,822.45,815.0,815.15,236488.0,813.46,807.56,823.63,805.42,830.6,1,805.42
2026-08-10 10:15:00+05:30,815.35,820.9,807.6,820.4,251949.0,814.85,808.73,821.91,805.42,830.6,1,805.42
2026-08-10 10:45:00+05:30,821.0,825.7,817.6,821.7,252247.0,816.22,809.91,821.87,805.42,830.6,1,805.42
2026-08-10 11:15:00+05:30,822.3,822.3,817.2,818.05,156425.0,816.59,810.65,821.58,805.42,830.6,1,805.42
2026-08-10 11:45:00+05:30,818.0,820.0,818.0,819.7,109135.0,817.21,811.47,821.42,805.42,830.6,1,805.42
2026-08-10 12:15:00+05:30,819.55,819.95,816.75,818.85,94313.0,817.54,812.14,821.26,805.42,830.6,1,805.42
2026-08-10 12:45:00+05:30,818.35,819.2,817.75,818.35,80385.0,817.7,812.71,821.13,805.42,830.6,1,805.42
2026-08-10 13:15:00+05:30,818.55,819.0,816.85,818.0,75244.0,817.76,813.19,821.0,805.42,830.6,1,805.42
2026-08-10 13:45:00+05:30,818.0,819.0,814.15,815.35,102869.0,817.28,813.38,820.75,805.42,830.6,1,805.42
2026-08-10 14:15:00+05:30,815.25,816.15,811.35,812.35,93040.0,816.29,813.29,820.41,805.42,830.6,1,805.42
2026-08-10 14:45:00+05:30,812.35,815.0,810.9,812.5,206272.0,815.53,813.22,819.71,805.42,829.48,1,805.42
2026-08-10 15:15:00+05:30,812.5,812.5,812.5,812.5,3762.0,814.93,813.15,819.7,805.42,827.38,1,805.42
2026-08-11 09:15:00+05:30,811.15,820.75,811.15,813.4,63844.0,814.62,813.18,815.1,805.42,827.38,1,805.42
2026-08-11 09:45:00+05:30,813.5,814.1,808.75,810.15,60028.0,813.73,812.9,813.11,805.42,827.38,1,805.42
2026-08-11 10:15:00+05:30,810.15,811.45,808.0,809.35,139086.0,812.85,812.58,811.25,805.42,825.39,1,805.42
2026-08-11 10:45:00+05:30,809.05,809.95,805.3,805.5,63051.0,811.38,811.93,810.42,805.42,823.11,1,805.42
2026-08-11 11:15:00+05:30,805.5,805.95,803.15,804.2,49459.0,809.95,811.23,809.63,805.42,819.33,-1,819.33
2026-08-11 11:45:00+05:30,804.3,805.0,801.0,803.0,50652.0,808.56,810.48,808.84,788.5,817.5,-1,817.5
2026-08-11 12:15:00+05:30,803.0,803.0,798.8,800.2,70344.0,806.88,809.55,807.68,788.5,815.21,-1,815.21
2026-08-11 12:45:00+05:30,800.6,800.8,798.05,798.9,44744.0,805.29,808.58,806.98,788.5,813.13,-1,813.13
2026-08-11 13:15:00+05:30,798.9,807.95,798.45,807.05,298028.0,805.64,808.44,806.1,788.5,813.13,-1,813.13
2026-08-11 13:45:00+05:30,807.1,807.65,805.0,805.05,82981.0,805.52,808.13,806.08,791.86,813.13,-1,813.13
2026-08-11 14:15:00+05:30,805.0,805.05,801.1,802.5,121855.0,804.92,807.62,805.71,791.86,813.13,-1,813.13
2026-08-11 14:45:00+05:30,802.55,803.15,798.9,800.05,221659.0,803.94,806.93,804.83,791.86,813.13,-1,813.13
2026-08-11 15:15:00+05:30,800.05,800.05,800.0,800.0,25234.0,803.16,806.3,804.74,791.86,812.69,-1,812.69
2026-08-12 09:15:00+05:30,801.05,806.5,800.2,802.65,129129.0,803.05,805.97,803.12,791.86,812.69,-1,812.69
2026-08-12 09:45:00+05:30,802.65,803.1,799.0,800.95,69769.0,802.63,805.51,802.38,791.86,812.69,-1,812.69
2026-08-12 10:15:00+05:30,800.95,803.7,800.9,803.0,56065.0,802.71,805.29,802.41,791.86,812.69,-1,812.69
2026-08-12 10:45:00+05:30,803.05,805.3,802.1,803.15,73550.0,802.8,805.09,802.66,791.86,812.69,-1,812.69
2026-08-12 11:15:00+05:30,803.15,806.0,801.65,804.8,218163.0,803.2,805.06,803.26,791.86,812.69,-1,812.69
2026-08-12 11:45:00+05:30,804.5,805.0,801.85,802.5,52621.0,803.06,804.83,803.24,791.86,812.69,-1,812.69
2026-08-12 12:15:00+05:30,802.6,803.0,798.9,802.15,130406.0,802.88,804.59,802.9,791.86,812.69,-1,812.69
2026-08-12 12:45:00+05:30,801.9,804.8,799.85,802.4,336048.0,802.78,804.39,802.73,791.86,812.69,-1,812.69
2026-08-12 13:15:00+05:30,802.4,807.7,802.4,805.7,142720.0,803.36,804.51,803.03,792.23,812.69,-1,812.69
2026-08-12 13:45:00+05:30,805.9,806.5,800.1,800.6,87376.0,802.81,804.15,802.99,792.23,812.69,-1,812.69
2026-08-12 14:15:00+05:30,800.55,803.85,800.15,802.3,116184.0,802.71,803.98,802.91,792.23,812.69,-1,812.69
2026-08-12 14:45:00+05:30,802.3,802.4,797.4,799.0,404913.0,801.97,803.53,802.18,792.23,812.69,-1,812.69
2026-08-12 15:15:00+05:30,799.0,804.5,799.0,804.5,27970.0,802.47,803.62,802.18,792.23,812.69,-1,812.69
2026-08-13 09:15:00+05:30,799.6,811.15,799.6,806.05,204848.0,803.19,803.84,805.6,792.23,812.69,-1,812.69
2026-08-13 09:45:00+05:30,806.5,806.9,804.0,805.4,79842.0,803.63,803.98,805.55,792.23,812.69,-1,812.69
2026-08-13 10:15:00+05:30,805.25,807.45,804.6,807.0,48467.0,804.31,804.26,805.67,792.23,812.69,-1,812.69
2026-08-13 10:45:00+05:30,807.0,807.0,799.0,800.65,110953.0,803.57,803.93,804.81,792.23,812.69,-1,812.69
2026-08-13 11:15:00+05:30,800.5,803.5,798.1,801.1,319875.0,803.08,803.67,803.17,792.23,812.69,-1,812.69
2026-08-13 11:45:00+05:30,801.05,803.2,799.05,802.1,327618.0,802.88,803.53,802.65,792.23,812.69,-1,812.69
2026-08-13 12:15:00+05:30,802.0,803.2,799.0,799.05,61896.0,802.12,803.12,802.53,792.23,812.69,-1,812.69
2026-08-13 12:45:00+05:30,799.15,799.7,798.35,799.25,31895.0,801.54,802.77,802.44,792.23,812.69,-1,812.69
2026-08-13 13:15:00+05:30,799.35,801.3,798.35,799.65,40843.0,801.16,802.49,802.35,792.23,812.69,-1,812.69
2026-08-13 13:45:00+05:30,799.4,799.75,796.0,797.15,112865.0,800.36,802.0,801.96,792.23,811.0,-1,811.0
2026-08-13 14:15:00+05:30,796.8,797.7,794.45,794.45,94846.0,799.18,801.31,801.53,792.23,808.86,-1,808.86
2026-08-13 14:45:00+05:30,794.65,794.9,792.25,794.5,223243.0,798.24,800.69,800.5,792.23,805.88,-1,805.88
2026-08-13 15:15:00+05:30,793.9,799.9,793.9,799.9,11639.0,798.57,800.62,800.48,792.23,805.88,-1,805.88
2026-08-14 09:15:00+05:30,796.3,798.1,792.0,795.7,55840.0,798.0,800.18,795.27,792.23,805.88,-1,805.88
2026-08-14 09:45:00+05:30,795.85,797.15,792.0,794.5,56862.0,797.3,799.66,794.91,792.23,805.88,-1,805.88
2026-08-14 10:15:00+05:30,794.5,795.15,793.05,795.15,31068.0,796.87,799.25,794.81,792.23,805.88,-1,805.88
2026-08-14 10:45:00+05:30,795.15,796.0,792.15,794.75,98515.0,796.45,798.84,794.6,792.23,805.88,-1,805.88
2026-08-14 11:15:00+05:30,794.75,796.0,792.0,794.3,74809.0,796.02,798.43,794.48,792.23,805.88,-1,805.88
2026-08-14 11:45:00+05:30,794.3,794.45,792.8,794.05,25289.0,795.62,798.03,794.43,792.23,805.85,-1,805.85
2026-08-14 12:15:00+05:30,794.0,794.5,791.85,793.0,40876.0,795.1,797.57,794.29,792.23,804.97,-1,804.97
2026-08-14 12:45:00+05:30,793.0,795.0,792.35,795.0,23935.0,795.08,797.34,794.28,792.23,804.97,-1,804.97
2026-08-14 13:15:00+05:30,795.0,795.8,794.3,795.15,33592.0,795.09,797.14,794.34,792.23,804.97,-1,804.97
2026-08-14 13:45:00+05:30,795.5,796.4,793.2,793.5,40955.0,794.77,796.81,794.34,792.23,804.97,-1,804.97
2026-08-14 14:15:00+05:30,793.4,798.8,792.95,798.0,187178.0,795.42,796.92,794.97,792.23,804.97,-1,804.97
2026-08-14 14:45:00+05:30,798.3,798.3,792.0,792.0,217230.0,794.74,796.47,794.76,792.23,804.97,-1,804.97
2026-08-17 09:15:00+05:30,796.15,808.25,796.15,802.95,324492.0,796.38,797.06,802.45,786.47,804.97,-1,804.97
2026-08-17 09:45:00+05:30,802.45,805.4,802.0,804.7,86615.0,798.04,797.75,802.78,788.52,804.97,-1,804.97
2026-08-17 10:15:00+05:30,804.6,808.75,804.25,804.7,169052.0,799.37,798.39,803.69,791.49,804.97,-1,804.97
2026-08-17 10:45:00+05:30,804.85,808.5,803.0,806.65,158031.0,800.83,799.14,804.2,791.49,804.97,1,791.49
2026-08-17 11:15:00+05:30,806.6,813.8,806.5,810.15,353033.0,802.69,800.14,806.12,794.32,825.98,1,794.32
2026-08-17 11:45:00+05:30,810.15,811.7,807.95,809.9,370550.0,804.13,801.03,807.07,794.45,825.2,1,794.45
2026-08-17 12:15:00+05:30,810.0,811.9,809.6,810.2,102137.0,805.35,801.86,807.3,796.22,825.2,1,796.22
2026-08-17 12:45:00+05:30,810.2,811.4,809.55,810.55,70895.0,806.39,802.65,807.43,796.85,824.1,1,796.85
2026-08-17 13:15:00+05:30,810.55,810.95,808.1,809.0,114949.0,806.91,803.23,807.56,796.85,822.65,1,796.85
2026-08-17 13:45:00+05:30,808.95,809.35,805.05,806.65,120117.0,806.86,803.54,807.53,796.85,820.3,1,796.85
2026-08-17 14:15:00+05:30,806.75,808.6,806.0,807.35,122512.0,806.96,803.88,807.51,796.85,819.87,1,796.85
2026-08-17 14:45:00+05:30,807.3,807.8,805.0,806.0,267891.0,806.77,804.08,807.37,796.85,818.55,1,796.85
2026-08-17 15:15:00+05:30,806.6,806.6,805.1,805.1,18888.0,806.43,804.17,807.35,796.85,817.24,1,796.85
2026-08-18 09:15:00+05:30,808.5,821.0,808.5,815.65,299843.0,808.28,805.21,815.05,799.73,817.24,1,799.73
2026-08-18 09:45:00+05:30,816.1,818.9,809.9,810.8,275162.0,808.78,805.72,814.16,799.73,817.24,1,799.73
2026-08-18 10:15:00+05:30,810.8,812.45,807.4,811.95,169062.0,809.41,806.29,813.35,799.73,817.24,1,799.73
2026-08-18 10:45:00+05:30,811.95,817.85,811.6,816.35,228328.0,810.8,807.2,813.8,799.73,817.24,1,799.73
2026-08-18 11:15:00+05:30,816.5,818.35,812.25,816.5,337264.0,811.94,808.05,814.29,799.73,817.24,1,799.73
2026-08-18 11:45:00+05:30,816.8,819.05,816.65,818.65,137375.0,813.28,809.01,814.66,802.18,817.24,1,802.18
2026-08-18 12:15:00+05:30,818.6,818.65,817.0,817.5,56872.0,814.13,809.78,814.77,803.22,832.43,1,803.22
2026-08-18 12:45:00+05:30,817.55,820.0,817.0,819.95,126295.0,815.29,810.71,815.1,804.46,832.43,1,804.46
2026-08-18 13:15:00+05:30,820.0,823.9,819.8,821.8,238026.0,816.59,811.72,815.96,807.98,832.43,1,807.98
2026-08-18 13:45:00+05:30,821.6,823.4,821.55,823.25,104235.0,817.92,812.76,816.31,809.44,832.43,1,809.44
2026-08-18 14:15:00+05:30,823.05,824.45,818.15,821.9,326427.0,818.72,813.59,817.05,809.44,832.43,1,809.44
2026-08-18 14:45:00+05:30,822.25,827.0,821.1,826.9,444591.0,820.36,814.8,818.34,810.02,832.43,1,810.02
2026-08-18 15:15:00+05:30,826.9,826.9,824.0,824.0,29444.0,821.08,815.64,818.41,811.95,832.43,1,811.95
2026-08-19 09:15:00+05:30,825.8,826.15,817.4,820.0,168584.0,820.87,816.04,821.18,811.95,832.43,1,811.95
2026-08-19 09:45:00+05:30,819.7,826.0,819.2,825.5,81941.0,821.79,816.9,821.96,811.95,832.43,1,811.95
2026-08-19 10:15:00+05:30,825.55,829.75,824.05,824.3,138949.0,822.3,817.57,823.42,811.95,832.43,1,811.95
2026-08-19 10:45:00+05:30,824.3,825.2,822.6,824.6,161123.0,822.76,818.21,823.63,811.95,832.43,1,811.95
2026-08-19 11:15:00+05:30,824.95,826.2,824.2,826.0,35483.0,823.4,818.92,823.74,811.95,832.43,1,811.95
2026-08-19 11:45:00+05:30,826.2,826.2,822.05,822.3,52715.0,823.18,819.22,823.72,811.95,832.43,1,811.95
2026-08-19 12:15:00+05:30,822.25,822.25,819.2,821.15,294413.0,822.78,819.4,822.82,811.95,832.43,1,811.95
2026-08-19 12:45:00+05:30,821.0,822.0,819.7,820.9,42520.0,822.4,819.54,822.73,811.95,832.43,1,811.95
2026-08-19 13:15:00+05:30,820.9,821.6,819.35,820.0,28341.0,821.92,819.58,822.67,811.95,832.43,1,811.95
2026-08-19 13:45:00+05:30,820.0,823.15,819.9,822.45,149541.0,822.03,819.84,822.56,811.95,832.43,1,811.95
2026-08-19 14:15:00+05:30,822.1,824.0,821.2,822.45,79176.0,822.11,820.08,822.56,811.95,832.43,1,811.95
2026-08-19 14:45:00+05:30,822.45,823.85,820.35,823.4,345206.0,822.37,820.38,822.55,811.95,832.43,1,811.95
2026-08-19 15:15:00+05:30,820.6,823.5,820.6,823.5,21587.0,822.6,820.66,822.55,811.95,832.43,1,811.95
2026-08-20 09:15:00+05:30,826.45,831.2,821.5,831.2,168150.0,824.32,821.62,827.97,813.44,832.43,1,813.44
2026-08-20 09:45:00+05:30,831.0,838.05,831.0,833.3,279431.0,826.11,822.68,831.81,820.79,832.43,1,820.79
2026-08-20 10:15:00+05:30,833.3,839.0,832.1,839.0,192254.0,828.69,824.17,833.28,821.12,849.98,1,821.12
2026-08-20 10:45:00+05:30,839.0,844.0,838.1,843.0,287701.0,831.55,825.88,835.89,826.29,849.98,1,826.29
2026-08-20 11:15:00+05:30,843.3,843.35,836.8,837.3,313751.0,832.7,826.92,836.71,826.29,849.98,1,826.29
2026-08-20 11:45:00+05:30,837.55,837.6,827.6,829.0,284162.0,831.96,827.11,835.72,826.29,849.32,1,826.29
2026-08-20 12:15:00+05:30,829.55,830.0,824.65,827.2,349026.0,831.01,827.11,834.15,826.29,843.98,1,826.29
2026-08-20 12:45:00+05:30,827.3,827.4,823.85,824.7,82894.0,829.75,826.89,833.78,826.29,841.68,-1,841.68
2026-08-20 13:15:00+05:30,824.6,829.0,824.0,825.35,129432.0,828.87,826.75,833.3,810.55,841.68,-1,841.68
2026-08-20 13:45:00+05:30,825.75,826.85,823.1,825.55,128519.0,828.2,826.64,832.83,810.55,840.46,-1,840.46
2026-08-20 14:15:00+05:30,825.55,827.4,824.7,826.1,133828.0,827.78,826.6,832.45,811.31,840.46,-1,840.46
2026-08-20 14:45:00+05:30,826.0,826.6,820.8,821.65,412549.0,826.56,826.15,831.04,811.31,838.71,-1,838.71
2026-08-20 15:15:00+05:30,821.7,821.9,821.7,821.9,16631.0,825.63,825.76,830.98,811.31,835.38,-1,835.38
2026-08-21 09:15:00+05:30,821.6,821.6,804.0,804.7,423834.0,821.44,823.85,810.1,811.31,830.39,-1,830.39
2026-08-21 09:45:00+05:30,804.85,812.7,802.3,812.7,177103.0,819.69,822.83,809.84,788.55,826.45,-1,826.45
2026-08-21 10:15:00+05:30,812.1,812.5,806.25,806.25,109743.0,817.0,821.32,809.61,790.38,826.45,-1,826.45
2026-08-21 10:45:00+05:30,806.25,809.6,804.4,809.0,82503.0,815.4,820.2,809.41,790.38,825.65,-1,825.65
2026-08-21 11:15:00+05:30,808.6,815.8,807.25,812.05,224554.0,814.73,819.46,809.91,792.17,825.65,-1,825.65
2026-08-21 11:45:00+05:30,812.05,812.8,808.85,811.75,104015.0,814.14,818.76,810.03,792.22,825.65,-1,825.65
2026-08-21 12:15:00+05:30,811.85,812.4,809.75,811.7,85009.0,813.65,818.12,810.12,793.54,825.65,-1,825.65
2026-08-21 12:45:00+05:30,811.9,813.4,809.75,812.7,153951.0,813.46,817.63,810.32,794.7,825.65,-1,825.65
2026-08-21 13:15:00+05:30,812.7,815.5,812.25,815.45,41389.0,813.86,817.43,810.44,797.71,825.65,-1,825.65
2026-08-21 13:45:00+05:30,815.45,816.1,812.3,814.6,43658.0,814.01,817.17,810.56,798.51,825.65,-1,825.65
2026-08-21 14:15:00+05:30,814.5,821.6,814.05,821.0,185128.0,815.4,817.52,811.51,801.44,825.65,-1,825.65
2026-08-21 14:45:00+05:30,820.95,821.65,817.9,821.0,198393.0,816.52,817.84,812.45,803.9,825.65,-1,825.65
2026-08-21 15:15:00+05:30,817.9,817.9,817.6,817.6,5707.0,816.74,817.81,812.46,803.9,825.65,-1,825.65
2026-08-24 09:15:00+05:30,815.5,821.25,815.25,817.5,98137.0,816.89,817.79,818.0,803.9,825.65,-1,825.65
2026-08-24 09:45:00+05:30,817.5,823.7,816.65,818.4,151264.0,817.19,817.84,818.96,804.04,825.65,-1,825.65
2026-08-24 10:15:00+05:30,818.1,822.0,817.4,821.55,104061.0,818.06,818.18,819.36,804.04,825.65,-1,825.65
2026-08-24 10:45:00+05:30,821.15,822.7,818.05,818.1,81431.0,818.07,818.17,819.41,804.67,825.65,-1,825.65
2026-08-24 11:15:00+05:30,817.65,821.15,817.0,820.75,76060.0,818.61,818.41,819.44,804.67,825.65,-1,825.65
2026-08-24 11:45:00+05:30,821.3,821.7,819.2,821.0,62797.0,819.09,818.64,819.57,805.86,825.65,-1,825.65
2026-08-24 12:15:00+05:30,820.65,824.0,818.6,819.0,105270.0,819.07,818.67,819.72,806.55,825.65,-1,825.65
2026-08-24 12:45:00+05:30,818.7,819.0,811.35,813.5,245133.0,817.95,818.2,818.37,806.55,825.65,-1,825.65
2026-08-24 13:15:00+05:30,813.5,813.55,806.1,808.7,357333.0,816.1,817.34,815.88,806.55,825.65,-1,825.65
2026-08-24 13:45:00+05:30,808.75,810.35,807.85,810.15,57475.0,814.91,816.69,815.6,806.55,824.47,-1,824.47
2026-08-24 14:15:00+05:30,810.5,811.0,808.3,810.45,98983.0,814.02,816.12,815.21,806.55,824.3,-1,824.3
2026-08-24 14:45:00+05:30,810.45,812.2,810.0,812.05,152348.0,813.63,815.75,814.85,806.55,824.3,-1,824.3
2026-08-24 15:15:00+05:30,813.5,813.5,812.8,813.5,13503.0,813.6,815.55,814.84,806.55,824.3,-1,824.3
2026-08-25 09:15:00+05:30,805.25,813.7,805.25,809.55,68618.0,812.79,815.0,809.5,806.55,823.61,-1,823.61
2026-08-25 09:45:00+05:30,809.8,810.4,806.3,806.6,161577.0,811.55,814.24,808.28,806.55,822.3,-1,822.3
2026-08-25 10:15:00+05:30,806.8,809.4,805.8,806.8,132097.0,810.6,813.56,807.94,806.55,821.24,-1,821.24
2026-08-25 10:45:00+05:30,806.75,810.0,806.3,809.6,144056.0,810.4,813.2,808.14,806.55,821.24,-1,821.24
2026-08-25 11:15:00+05:30,809.6,809.9,806.75,807.75,256577.0,809.87,812.7,808.13,806.55,821.24,-1,821.24
2026-08-25 11:45:00+05:30,807.75,807.75,803.6,803.6,84477.0,808.62,811.88,807.82,806.55,818.61,-1,818.61
2026-08-25 12:15:00+05:30,803.65,807.15,803.0,804.1,78020.0,807.71,811.17,807.56,792.19,817.96,-1,817.96
2026-08-25 12:45:00+05:30,804.35,806.9,803.6,806.35,49267.0,807.44,810.73,807.46,792.66,817.84,-1,817.84
2026-08-25 13:15:00+05:30,806.15,807.25,805.4,806.2,51287.0,807.19,810.32,807.4,794.44,817.84,-1,817.84
2026-08-25 13:45:00+05:30,806.25,808.15,803.85,804.15,104269.0,806.58,809.76,807.22,794.44,817.84,-1,817.84
2026-08-25 14:15:00+05:30,804.2,807.75,804.15,807.1,86066.0,806.69,809.52,807.16,794.44,817.82,-1,817.82
2026-08-25 14:45:00+05:30,807.15,808.65,804.9,804.9,162335.0,806.33,809.1,807.04,794.97,817.82,-1,817.82
2026-08-25 15:15:00+05:30,805.0,808.8,805.0,808.8,14511.0,806.82,809.07,807.04,795.1,817.82,-1,817.82
2026-08-26 09:15:00+05:30,810.9,810.9,799.8,802.75,61703.0,806.01,808.5,804.48,795.1,817.82,-1,817.82
2026-08-26 09:45:00+05:30,802.3,803.75,800.6,801.5,39297.0,805.11,807.86,803.5,795.1,815.67,-1,815.67
2026-08-26 10:15:00+05:30,801.5,801.6,796.85,800.25,99130.0,804.14,807.17,801.55,795.1,812.8,-1,812.8
2026-08-26 10:45:00+05:30,800.6,800.85,797.5,798.5,58554.0,803.01,806.38,800.96,795.1,812.39,-1,812.39
2026-08-26 11:15:00+05:30,799.0,799.0,796.05,797.7,46922.0,801.95,805.59,800.44,795.1,810.31,-1,810.31
2026-08-26 11:45:00+05:30,797.7,799.0,797.1,798.75,44771.0,801.31,804.97,800.17,795.1,810.12,-1,810.12
2026-08-26 12:15:00+05:30,798.35,799.0,796.0,798.7,82369.0,800.79,804.4,799.74,795.1,809.27,-1,809.27
2026-08-26 12:45:00+05:30,798.05,800.0,797.65,799.3,56011.0,800.49,803.94,799.65,795.1,809.27,-1,809.27
2026-08-26 13:15:00+05:30,799.0,802.4,797.7,801.85,83144.0,800.76,803.75,799.79,795.1,809.27,-1,809.27
2026-08-26 13:45:00+05:30,801.7,803.0,798.0,798.9,123208.0,800.39,803.31,799.83,795.1,809.27,-1,809.27
2026-08-26 14:15:00+05:30,798.85,800.0,797.0,798.2,26833.0,799.95,802.84,799.77,795.1,809.27,-1,809.27
2026-08-26 14:45:00+05:30,798.2,800.3,796.3,798.9,91787.0,799.74,802.48,799.63,795.1,809.27,-1,809.27
2026-08-26 15:15:00+05:30,799.4,799.4,795.0,795.0,16700.0,798.79,801.8,799.57,795.1,809.02,-1,809.02
2026-08-27 09:15:00+05:30,796.3,808.55,796.3,807.05,167834.0,800.44,802.28,803.97,787.72,809.02,-1,809.02
2026-08-27 09:45:00+05:30,806.8,807.45,802.2,805.1,177154.0,801.38,802.54,804.45,790.02,809.02,-1,809.02
2026-08-27 10:15:00+05:30,805.05,808.85,804.35,806.55,209941.0,802.41,802.9,805.26,791.92,809.02,-1,809.02
2026-08-27 10:45:00+05:30,806.9,807.85,804.35,804.6,57432.0,802.85,803.06,805.29,791.92,809.02,-1,809.02
2026-08-27 11:15:00+05:30,804.6,808.7,804.55,807.55,68826.0,803.79,803.46,805.46,792.55,809.02,-1,809.02
2026-08-27 11:45:00+05:30,807.85,810.7,807.05,809.7,113490.0,804.97,804.03,805.98,795.11,809.02,1,795.11
2026-08-27 12:15:00+05:30,809.55,816.5,809.55,814.85,294858.0,806.95,805.01,808.05,798.55,827.5,1,798.55
2026-08-27 12:45:00+05:30,814.85,814.9,811.75,814.25,155821.0,808.41,805.85,808.75,799.35,827.3,1,799.35
2026-08-27 13:15:00+05:30,814.2,814.5,812.6,812.7,86731.0,809.27,806.48,809.05,800.41,826.69,1,800.41
2026-08-27 13:45:00+05:30,812.7,813.0,812.0,812.05,95543.0,809.82,806.98,809.27,800.41,824.63,1,800.41
2026-08-27 14:15:00+05:30,812.0,817.3,812.0,816.4,207293.0,811.14,807.84,810.02,802.14,824.63,1,802.14
2026-08-27 14:45:00+05:30,816.4,818.5,815.85,818.5,238180.0,812.61,808.81,810.99,805.12,824.63,1,805.12
2026-08-27 15:15:00+05:30,815.0,819.0,815.0,819.0,8292.0,813.89,809.73,811.02,805.12,824.63,1,805.12
2026-08-28 09:15:00+05:30,822.85,822.85,815.8,820.9,163631.0,815.29,810.75,819.85,806.37,824.63,1,806.37
2026-08-28 09:45:00+05:30,821.5,823.45,818.6,820.8,155988.0,816.39,811.66,820.39,807.91,824.63,1,807.91
2026-08-28 10:15:00+05:30,821.6,821.6,811.5,812.15,197852.0,815.54,811.71,818.36,807.91,824.63,1,807.91
2026-08-28 10:45:00+05:30,811.9,813.25,809.5,812.4,95301.0,814.92,811.77,817.33,807.91,824.63,1,807.91
2026-08-28 11:15:00+05:30,812.4,812.45,803.75,803.75,202658.0,812.68,811.04,814.67,807.91,823.74,-1,823.74
2026-08-28 11:45:00+05:30,803.75,808.3,803.75,805.6,117431.0,811.27,810.55,813.57,790.59,821.46,-1,821.46
2026-08-28 12:15:00+05:30,805.8,808.3,805.05,808.0,64047.0,810.61,810.32,813.15,791.8,821.46,-1,821.46
2026-08-28 12:45:00+05:30,807.95,808.0,805.2,806.0,56683.0,809.69,809.92,812.79,792.38,820.82,-1,820.82
2026-08-28 13:15:00+05:30,806.2,806.85,805.1,805.55,61281.0,808.86,809.53,812.41,792.65,819.3,-1,819.3
2026-08-28 13:45:00+05:30,805.9,807.8,804.6,805.05,66948.0,808.1,809.12,812.03,793.25,819.15,-1,819.15
2026-08-28 14:15:00+05:30,804.85,808.2,804.6,806.35,207481.0,807.75,808.87,811.19,793.66,819.14,-1,819.14
2026-08-28 14:45:00+05:30,806.5,811.5,806.35,811.5,168122.0,808.5,809.11,811.04,795.92,819.14,-1,819.14
2026-08-28 15:15:00+05:30,811.8,815.0,811.8,815.0,17268.0,809.8,809.64,811.07,800.64,819.14,-1,819.14
2026-08-31 09:15:00+05:30,809.35,811.5,803.4,803.4,62140.0,808.52,809.07,806.1,800.64,819.14,-1,819.14
2026-08-31 09:45:00+05:30,803.5,807.7,799.5,804.3,187222.0,807.68,808.64,804.4,800.64,819.14,-1,819.14
2026-08-31 10:15:00+05:30,804.0,806.95,802.9,806.0,91414.0,807.34,808.4,804.64,800.64,819.14,-1,819.14
2026-08-31 10:45:00+05:30,806.05,807.2,802.85,803.7,76283.0,806.61,807.97,804.63,800.64,819.14,-1,819.14
2026-08-31 11:15:00+05:30,803.65,805.15,803.3,803.65,26555.0,806.02,807.58,804.59,800.64,818.55,-1,818.55
2026-08-31 11:45:00+05:30,803.65,817.45,803.3,815.0,131240.0,807.82,808.25,806.26,800.64,818.55,-1,818.55
2026-08-31 12:15:00+05:30,815.4,820.5,812.8,818.8,173798.0,810.01,809.21,808.84,800.64,818.55,1,800.64
2026-08-31 12:45:00+05:30,819.15,819.15,813.75,816.25,61989.0,811.26,809.85,809.42,800.64,834.03,1,800.64
2026-08-31 13:15:00+05:30,816.0,816.45,809.8,810.2,92292.0,811.05,809.88,809.7,800.64,830.94,1,800.64
2026-08-31 13:45:00+05:30,809.75,814.5,808.0,814.5,110112.0,811.74,810.3,809.98,800.64,829.23,1,800.64
2026-08-31 14:15:00+05:30,813.85,816.15,813.35,816.0,94730.0,812.59,810.82,810.43,800.64,829.23,1,800.64
2026-08-31 14:45:00+05:30,815.85,819.0,813.05,813.05,395300.0,812.68,811.02,811.64,800.64,829.23,1,800.64
2026-08-31 15:15:00+05:30,813.05,813.05,813.05,813.05,70686.0,812.76,811.21,811.7,800.64,828.45,1,800.64
2026-09-01 09:15:00+05:30,813.0,813.0,807.65,811.3,48429.0,812.46,811.22,810.65,800.64,825.8,1,800.64
2026-09-01 09:45:00+05:30,811.0,811.4,807.1,810.0,58805.0,811.97,811.11,810.02,800.64,824.47,1,800.64
2026-09-01 10:15:00+05:30,809.9,816.25,809.9,815.5,68056.0,812.68,811.51,811.52,800.64,824.47,1,800.64
2026-09-01 10:45:00+05:30,817.0,820.0,817.0,819.25,116162.0,813.99,812.21,814.4,803.11,824.47,1,803.11
2026-09-01 11:15:00+05:30,819.0,821.4,818.25,819.35,86522.0,815.06,812.86,815.61,805.03,824.47,1,805.03
2026-09-01 11:45:00+05:30,819.35,820.0,813.4,813.4,88552.0,814.73,812.91,815.61,805.03,824.47,1,805.03
2026-09-01 12:15:00+05:30,813.55,814.75,811.25,812.55,82526.0,814.29,812.88,815.19,805.03,824.47,1,805.03
2026-09-01 12:45:00+05:30,812.4,813.35,809.15,809.2,38772.0,813.28,812.54,814.89,805.03,824.47,1,805.03
2026-09-01 13:15:00+05:30,809.15,809.4,802.5,803.4,107200.0,811.3,811.71,813.38,805.03,821.16,-1,821.16
2026-09-01 13:45:00+05:30,803.6,803.6,798.8,799.55,91399.0,808.95,810.6,811.9,786.07,816.33,-1,816.33
2026-09-01 14:15:00+05:30,799.4,803.65,799.05,802.3,53264.0,807.62,809.85,811.25,786.36,816.33,-1,816.33
2026-09-01 14:45:00+05:30,802.05,809.5,801.0,809.5,178102.0,808.0,809.82,810.45,789.21,816.33,-1,816.33
2026-09-02 09:15:00+05:30,802.45,802.45,779.2,780.6,288325.0,802.52,807.16,787.42,789.21,814.36,-1,814.36
2026-09-02 09:45:00+05:30,780.25,787.0,776.7,782.8,280070.0,798.57,804.95,784.83,757.58,806.12,-1,806.12
2026-09-02 10:15:00+05:30,782.9,787.3,779.4,779.5,140231.0,794.76,802.63,784.28,759.14,806.12,-1,806.12
2026-09-02 10:45:00+05:30,779.45,780.85,776.25,778.4,240376.0,791.49,800.43,782.82,759.14,801.72,-1,801.72
2026-09-02 11:15:00+05:30,778.4,782.85,776.5,781.85,127182.0,789.56,798.74,782.53,759.14,801.72,-1,801.72
2026-09-02 11:45:00+05:30,782.0,785.3,780.1,784.9,185244.0,788.63,797.48,782.66,760.66,801.72,-1,801.72
2026-09-02 12:15:00+05:30,784.9,785.3,777.2,777.5,191892.0,786.4,795.67,782.31,760.66,801.72,-1,801.72
2026-09-02 12:45:00+05:30,777.5,778.6,773.45,775.9,285267.0,784.3,793.87,781.27,760.66,797.61,-1,797.61
2026-09-02 13:15:00+05:30,775.9,777.65,774.7,775.25,259900.0,782.49,792.18,780.57,760.66,796.49,-1,796.49
2026-09-02 13:45:00+05:30,775.2,780.35,774.95,778.85,257489.0,781.76,790.97,780.28,760.66,796.49,-1,796.49
2026-09-02 14:15:00+05:30,778.9,781.7,778.25,781.1,645690.0,781.63,790.07,780.3,761.03,796.49,-1,796.49
2026-09-02 14:45:00+05:30,781.25,787.35,780.8,782.65,605224.0,781.83,789.39,780.87,765.06,796.49,-1,796.49
2026-09-03 09:15:00+05:30,786.8,794.0,785.4,792.55,114518.0,783.98,789.68,790.65,769.18,796.49,-1,796.49
2026-09-03 09:45:00+05:30,792.55,795.5,790.5,792.75,95359.0,785.73,789.96,791.68,773.03,796.49,-1,796.49
2026-09-03 10:15:00+05:30,792.7,793.25,789.0,792.2,92635.0,787.03,790.16,791.62,773.03,796.49,-1,796.49
2026-09-03 10:45:00+05:30,791.85,792.9,790.2,791.0,51860.0,787.82,790.24,791.58,773.42,796.49,-1,796.49
2026-09-03 11:15:00+05:30,790.6,794.5,790.3,794.1,57972.0,789.08,790.59,791.78,774.82,796.49,-1,796.49
2026-09-03 11:45:00+05:30,794.4,796.5,792.7,795.5,71426.0,790.36,791.04,792.24,777.64,796.49,-1,796.49
2026-09-03 12:15:00+05:30,795.15,796.45,792.1,795.9,133557.0,791.47,791.48,792.8,777.71,796.49,-1,796.49
2026-09-03 12:45:00+05:30,795.85,799.5,795.85,797.0,141145.0,792.58,791.98,793.66,781.67,796.49,1,781.67
2026-09-03 13:15:00+05:30,796.5,802.9,795.45,802.05,153486.0,794.47,792.9,794.75,782.53,815.82,1,782.53
2026-09-03 13:45:00+05:30,802.05,802.85,799.55,801.5,236562.0,795.88,793.68,796.1,785.23,815.82,1,785.23
2026-09-03 14:15:00+05:30,801.5,801.75,800.25,801.25,37495.0,796.95,794.37,796.26,786.18,815.82,1,786.18
2026-09-03 14:45:00+05:30,801.45,804.8,800.0,800.0,269057.0,797.56,794.88,797.25,787.62,815.82,1,787.62
2026-09-04 09:15:00+05:30,800.0,802.35,796.6,799.2,35057.0,797.89,795.27,799.38,787.62,814.5,1,787.62
2026-09-04 09:45:00+05:30,799.15,805.3,798.65,800.85,96413.0,798.48,795.78,801.01,787.62,814.5,1,787.62
2026-09-04 10:15:00+05:30,800.65,802.8,800.4,802.7,26058.0,799.32,796.41,801.17,787.62,814.5,1,787.62
2026-09-04 10:45:00+05:30,802.8,802.8,799.1,799.65,28892.0,799.39,796.7,801.07,787.62,814.5,1,787.62
2026-09-04 11:15:00+05:30,799.55,801.0,795.1,795.5,56871.0,798.61,796.59,800.16,787.62,812.71,1,787.62
2026-09-04 11:45:00+05:30,795.8,795.95,793.25,793.6,26005.0,797.61,796.32,799.59,787.62,808.61,1,787.62
2026-09-04 12:15:00+05:30,793.75,794.05,789.2,790.85,37995.0,796.26,795.82,798.58,787.62,805.69,1,787.62
2026-09-04 12:45:00+05:30,790.8,791.25,786.0,786.15,91044.0,794.24,794.94,796.11,787.62,802.86,-1,802.86
2026-09-04 13:15:00+05:30,786.0,789.35,785.0,787.0,73227.0,792.79,794.22,794.72,773.06,801.29,-1,801.29
2026-09-04 13:45:00+05:30,786.6,787.85,783.5,784.0,48859.0,791.03,793.29,793.81,773.06,799.68,-1,799.68
2026-09-04 14:15:00+05:30,784.25,787.0,783.55,785.0,80626.0,789.82,792.54,792.66,773.06,798.92,-1,798.92
2026-09-04 14:45:00+05:30,785.0,788.25,784.25,787.1,187642.0,789.28,792.04,791.2,773.06,798.92,-1,798.92
2026-09-04 15:15:00+05:30,787.1,789.0,787.1,789.0,5241.0,789.22,791.77,791.18,775.35,798.92,-1,798.92
2026-09-07 09:15:00+05:30,785.05,788.8,778.8,787.2,131289.0,788.82,791.35,784.93,775.35,798.29,-1,798.29
2026-09-07 09:45:00+05:30,787.2,790.85,786.0,790.65,137921.0,789.19,791.29,787.1,775.35,798.29,-1,798.29
2026-09-07 10:15:00+05:30,790.25,790.8,787.2,787.2,64281.0,788.79,790.92,787.35,775.35,798.29,-1,798.29
2026-09-07 10:45:00+05:30,787.6,789.1,784.25,784.85,90828.0,788.0,790.37,787.08,775.35,798.29,-1,798.29
2026-09-07 11:15:00+05:30,785.0,786.95,783.0,784.5,166324.0,787.3,789.83,786.44,775.35,798.29,-1,798.29
2026-09-07 11:45:00+05:30,784.8,788.9,784.5,788.9,159796.0,787.62,789.75,786.65,775.35,798.29,-1,798.29
2026-09-07 12:15:00+05:30,788.9,789.5,787.0,789.0,44200.0,787.9,789.68,786.75,775.35,798.29,-1,798.29
2026-09-07 12:45:00+05:30,789.0,789.0,786.35,786.6,44385.0,787.64,789.4,786.78,775.35,798.29,-1,798.29
2026-09-07 13:15:00+05:30,786.7,788.0,786.0,786.8,35410.0,787.47,789.16,786.79,775.35,798.29,-1,798.29
2026-09-07 13:45:00+05:30,786.55,787.9,785.7,786.0,41085.0,787.18,788.88,786.78,775.35,798.29,-1,798.29
2026-09-07 14:15:00+05:30,786.0,786.85,784.0,784.0,35159.0,786.54,788.43,786.71,775.35,796.62,-1,796.62
2026-09-07 14:45:00+05:30,784.25,788.0,783.0,788.0,144442.0,786.83,788.39,786.66,775.35,796.62,-1,796.62
2026-09-08 09:15:00+05:30,785.95,785.95,778.2,781.95,77734.0,785.86,787.81,782.03,775.35,795.43,-1,795.43
2026-09-08 09:45:00+05:30,781.8,784.0,780.0,783.5,35303.0,785.38,787.42,782.18,775.35,795.22,-1,795.22
2026-09-08 10:15:00+05:30,783.5,784.85,783.0,784.0,24100.0,785.11,787.11,782.49,775.35,795.22,-1,795.22
2026-09-08 10:45:00+05:30,784.0,785.8,781.95,785.8,51829.0,785.25,786.99,783.05,775.35,795.22,-1,795.22
2026-09-08 11:15:00+05:30,785.55,788.7,785.1,785.1,44602.0,785.22,786.82,783.67,775.35,795.22,-1,795.22
2026-09-08 11:45:00+05:30,785.6,787.2,784.7,785.8,39308.0,785.33,786.72,783.99,775.35,795.22,-1,795.22
2026-09-08 12:15:00+05:30,786.1,791.85,784.8,790.85,262561.0,786.44,787.1,786.53,775.65,795.22,-1,795.22
2026-09-08 12:45:00+05:30,790.65,796.5,789.25,796.0,77952.0,788.35,787.91,787.47,779.29,795.22,1,779.29
2026-09-08 13:15:00+05:30,795.95,796.85,793.55,793.75,48676.0,789.43,788.44,788.0,781.98,808.42,1,781.98
2026-09-08 13:45:00+05:30,793.95,794.25,792.7,793.9,25115.0,790.32,788.93,788.21,781.98,805.83,1,781.98
2026-09-08 14:15:00+05:30,794.0,802.75,793.3,802.35,213127.0,792.73,790.15,790.87,784.07,805.83,1,784.07
2026-09-08 14:45:00+05:30,801.95,805.9,801.95,805.0,194802.0,795.18,791.5,793.26,790.18,805.83,1,790.18
2026-09-08 15:15:00+05:30,805.0,805.0,804.0,804.0,16799.0,796.95,792.64,793.42,791.83,805.83,1,791.83
2026-09-09 09:15:00+05:30,803.0,806.3,795.3,798.2,52533.0,797.2,793.15,799.93,791.83,805.83,1,791.83
2026-09-09 09:45:00+05:30,798.2,799.7,795.0,795.65,41108.0,796.89,793.37,798.55,791.83,805.83,1,791.83
2026-09-09 10:15:00+05:30,795.65,797.5,793.2,793.55,43922.0,796.22,793.39,797.34,791.83,805.83,1,791.83
2026-09-09 10:45:00+05:30,793.8,796.85,793.5,794.0,25784.0,795.78,793.44,796.93,791.83,805.83,1,791.83
2026-09-09 11:15:00+05:30,794.4,798.45,793.8,797.7,32636.0,796.16,793.83,796.89,791.83,805.83,1,791.83
2026-09-09 11:45:00+05:30,797.7,802.05,797.3,798.4,65172.0,796.61,794.25,797.48,791.83,805.83,1,791.83
2026-09-09 12:15:00+05:30,798.6,802.2,797.8,801.3,30160.0,797.55,794.89,797.78,791.83,805.83,1,791.83
2026-09-09 12:45:00+05:30,801.55,802.95,800.6,801.15,23623.0,798.27,795.46,798.07,791.83,805.83,1,791.83
2026-09-09 13:15:00+05:30,801.2,802.4,800.2,800.25,13060.0,798.66,795.89,798.18,791.83,805.83,1,791.83
2026-09-09 13:45:00+05:30,800.6,801.05,799.8,800.6,35764.0,799.05,796.32,798.41,791.83,805.83,1,791.83
2026-09-09 14:15:00+05:30,800.7,801.0,799.45,800.5,42335.0,799.34,796.7,798.61,791.83,805.83,1,791.83
2026-09-09 14:45:00+05:30,800.5,800.7,797.1,799.5,94472.0,799.37,796.96,798.7,791.83,805.83,1,791.83
2026-09-09 15:15:00+05:30,799.5,799.5,799.5,799.5,9053.0,799.4,797.19,798.71,791.83,805.83,1,791.83
2026-09-10 09:15:00+05:30,798.65,801.7,792.4,799.05,43986.0,799.33,797.36,797.72,791.83,805.83,1,791.83
2026-09-10 09:45:00+05:30,799.75,805.25,798.85,805.25,186826.0,800.51,798.07,802.09,791.83,805.83,1,791.83
2026-09-10 10:15:00+05:30,805.85,807.05,801.75,804.3,80707.0,801.27,798.64,802.68,791.83,805.83,1,791.83
2026-09-10 10:45:00+05:30,804.1,805.95,801.0,802.15,92889.0,801.45,798.96,802.76,791.83,805.83,1,791.83
2026-09-10 11:15:00+05:30,802.5,806.9,802.25,804.95,163970.0,802.15,799.5,803.32,791.83,805.83,1,791.83
2026-09-10 11:45:00+05:30,805.0,812.0,804.5,811.95,247740.0,804.11,800.64,805.19,794.19,805.83,1,794.19
2026-09-10 12:15:00+05:30,812.0,812.9,807.55,808.95,130148.0,805.08,801.39,805.82,795.97,824.48,1,795.97
2026-09-10 12:45:00+05:30,809.2,810.0,802.6,802.6,97141.0,804.58,801.5,805.75,795.97,821.35,1,795.97
2026-09-10 13:15:00+05:30,802.6,803.65,800.9,803.65,117306.0,804.39,801.7,805.45,795.97,816.65,1,795.97
2026-09-10 13:45:00+05:30,803.5,803.95,801.0,801.85,55916.0,803.89,801.71,805.3,795.97,816.29,1,795.97
2026-09-10 14:15:00+05:30,802.1,802.95,801.0,802.65,45213.0,803.64,801.8,805.19,795.97,815.0,1,795.97
2026-09-10 14:45:00+05:30,802.75,804.4,800.4,803.5,236357.0,803.61,801.95,804.81,795.97,815.0,1,795.97
2026-09-11 09:15:00+05:30,799.95,799.95,790.0,791.5,71624.0,801.19,801.0,793.82,795.97,810.65,-1,810.65
2026-09-11 09:45:00+05:30,791.25,795.4,790.75,793.8,45185.0,799.71,800.35,793.62,777.57,808.58,-1,808.58
2026-09-11 10:15:00+05:30,793.95,797.4,793.35,797.35,40510.0,799.24,800.07,794.24,780.21,808.58,-1,808.58
2026-09-11 10:45:00+05:30,796.95,797.55,792.7,793.55,80081.0,798.1,799.48,794.36,780.21,808.58,-1,808.58
2026-09-11 11:15:00+05:30,793.35,796.5,793.35,795.0,113828.0,797.48,799.07,794.55,780.38,808.58,-1,808.58
2026-09-11 11:45:00+05:30,795.0,796.55,793.65,793.9,32311.0,796.76,798.6,794.57,781.14,808.58,-1,808.58
2026-09-11 12:15:00+05:30,794.15,796.4,791.15,791.65,60592.0,795.74,797.97,794.36,781.14,807.91,-1,807.91
2026-09-11 12:45:00+05:30,791.5,792.85,790.65,791.3,55157.0,794.85,797.36,794.06,781.14,805.13,-1,805.13
2026-09-11 13:15:00+05:30,791.9,792.15,788.0,788.75,39535.0,793.63,796.58,793.73,781.14,803.36,-1,803.36
2026-09-11 13:45:00+05:30,788.9,791.9,788.5,791.45,31420.0,793.2,796.11,793.56,781.14,803.18,-1,803.18
2026-09-11 14:15:00+05:30,791.15,791.8,788.0,788.05,50184.0,792.17,795.38,793.21,781.14,802.72,-1,802.72
2026-09-11 14:45:00+05:30,788.05,791.4,787.0,790.0,158375.0,791.73,794.89,792.45,781.14,802.06,-1,802.06
2026-09-11 15:15:00+05:30,790.0,790.0,788.0,788.0,9548.0,790.99,794.27,792.41,781.14,801.17,-1,801.17
2026-09-15 09:15:00+05:30,788.3,790.9,784.65,787.45,50211.0,790.28,793.65,787.67,781.14,800.61,-1,800.61
2026-09-15 09:45:00+05:30,787.4,787.4,780.5,781.35,44068.0,788.49,792.53,785.52,781.14,797.58,-1,797.58
2026-09-15 10:15:00+05:30,781.1,783.4,777.7,778.6,24377.0,786.51,791.26,784.37,781.14,794.53,-1,794.53
2026-09-15 10:45:00+05:30,778.55,781.95,777.6,781.0,46565.0,785.41,790.33,783.19,765.89,793.66,-1,793.66
2026-09-15 11:15:00+05:30,781.0,785.2,780.7,782.55,79619.0,784.84,789.62,783.07,769.1,793.66,-1,793.66
2026-09-15 11:45:00+05:30,782.35,786.35,782.1,785.55,45252.0,784.98,789.25,783.32,770.49,793.66,-1,793.66
2026-09-15 12:15:00+05:30,785.55,790.0,784.5,787.15,108878.0,785.42,789.06,784.38,773.24,793.66,-1,793.66
2026-09-15 12:45:00+05:30,787.0,792.0,786.5,789.65,82724.0,786.26,789.11,785.24,774.99,793.66,-1,793.66
2026-09-15 13:15:00+05:30,790.0,791.65,789.0,790.55,243489.0,787.12,789.24,786.97,776.69,793.66,-1,793.66
2026-09-15 13:45:00+05:30,790.5,793.9,790.0,791.8,81561.0,788.06,789.48,787.47,778.51,793.66,-1,793.66
2026-09-15 14:15:00+05:30,791.3,791.8,788.6,789.8,414500.0,788.4,789.51,788.35,778.51,793.66,-1,793.66
2026-09-15 14:45:00+05:30,790.1,790.7,784.05,790.0,395172.0,788.72,789.55,788.33,778.51,793.66,-1,793.66
2026-09-16 09:15:00+05:30,785.0,794.4,769.25,770.75,386065.0,785.13,787.84,778.13,778.51,793.66,-1,793.66
2026-09-16 09:45:00+05:30,770.8,775.9,767.1,772.6,134259.0,782.62,786.46,776.52,750.94,792.06,-1,792.06
2026-09-16 10:15:00+05:30,772.5,773.2,770.45,773.0,82240.0,780.7,785.23,775.93,752.49,791.16,-1,791.16
2026-09-16 10:45:00+05:30,773.0,777.75,771.5,777.55,58566.0,780.07,784.53,775.9,755.35,791.16,-1,791.16
2026-09-16 11:15:00+05:30,777.65,779.8,776.0,777.5,37707.0,779.56,783.9,776.0,759.41,791.16,-1,791.16
2026-09-16 11:45:00+05:30,777.5,777.5,773.35,775.75,96144.0,778.79,783.15,775.94,759.41,791.16,-1,791.16
2026-09-16 12:15:00+05:30,775.5,776.5,772.1,776.1,86881.0,778.26,782.51,775.84,759.41,791.16,-1,791.16
2026-09-16 12:45:00+05:30,776.25,777.35,772.45,773.45,69308.0,777.29,781.69,775.74,759.41,791.16,-1,791.16
2026-09-16 13:15:00+05:30,773.55,773.55,770.7,771.05,28319.0,776.05,780.72,775.62,759.41,788.41,-1,788.41
2026-09-16 13:45:00+05:30,770.75,773.2,770.75,772.8,16690.0,775.4,780.0,775.57,759.41,787.37,-1,787.37
2026-09-16 14:15:00+05:30,772.9,778.75,771.65,778.3,111457.0,775.98,779.85,775.63,759.41,787.37,-1,787.37
2026-09-16 14:45:00+05:30,778.45,779.7,768.0,768.0,1456203.0,774.38,778.77,773.51,759.41,787.37,-1,787.37
2026-09-17 09:15:00+05:30,761.95,787.7,760.9,782.9,651513.0,776.09,779.15,777.17,759.41,787.37,-1,787.37
2026-09-17 09:45:00+05:30,782.9,784.45,780.15,780.15,84934.0,776.9,779.24,777.68,759.41,787.37,-1,787.37
2026-09-17 10:15:00+05:30,780.7,787.55,779.1,786.45,216461.0,778.81,779.89,779.2,760.07,787.37,-1,787.37
2026-09-17 10:45:00+05:30,786.4,791.0,783.35,786.45,377537.0,780.34,780.49,781.39,763.95,787.37,-1,787.37
2026-09-17 11:15:00+05:30,786.7,789.65,785.65,785.65,222434.0,781.4,780.96,782.19,765.55,787.37,-1,787.37
2026-09-17 11:45:00+05:30,785.9,786.4,779.15,783.3,425628.0,781.78,781.17,782.36,765.55,787.37,-1,787.37
2026-09-17 12:15:00+05:30,783.3,785.0,782.55,784.3,102192.0,782.28,781.46,782.43,765.55,787.37,-1,787.37
2026-09-17 12:45:00+05:30,784.2,784.35,780.0,780.1,131932.0,781.85,781.33,782.38,765.55,787.37,-1,787.37
2026-09-17 13:15:00+05:30,780.3,780.7,777.4,778.9,109350.0,781.26,781.11,782.22,765.55,787.37,-1,787.37
2026-09-17 13:45:00+05:30,778.55,781.4,778.55,780.4,113542.0,781.09,781.05,782.12,765.55,787.37,-1,787.37
2026-09-17 14:15:00+05:30,780.6,781.75,779.55,779.9,172185.0,780.85,780.94,782.01,765.55,787.37,-1,787.37
2026-09-17 14:45:00+05:30,780.2,781.0,778.2,780.0,336630.0,780.68,780.86,781.75,765.55,787.37,-1,787.37
2026-09-17 15:15:00+05:30,780.0,780.0,777.9,777.9,15092.0,780.12,780.59,781.73,765.55,787.37,-1,787.37
2026-09-18 09:15:00+05:30,780.9,797.95,780.9,797.4,229619.0,783.58,782.12,792.08,769.99,787.37,1,769.99
2026-09-18 09:45:00+05:30,797.65,805.0,796.6,798.0,447988.0,786.46,783.56,797.23,780.79,820.81,1,780.79
2026-09-18 10:15:00+05:30,799.9,805.0,798.15,802.9,251072.0,789.75,785.32,798.52,781.47,820.81,1,781.47
2026-09-18 10:45:00+05:30,802.95,807.4,800.45,804.1,503112.0,792.62,787.03,800.44,783.74,820.81,1,783.74
2026-09-18 11:15:00+05:30,804.15,805.9,801.0,804.4,178009.0,794.98,788.61,800.81,783.82,820.81,1,783.82
2026-09-18 11:45:00+05:30,804.4,804.95,800.1,802.4,179412.0,796.46,789.86,800.98,783.82,820.81,1,783.82
2026-09-18 12:15:00+05:30,802.1,804.1,802.1,803.0,94405.0,797.77,791.05,801.08,785.29,820.81,1,785.29
2026-09-18 12:45:00+05:30,803.0,808.5,800.95,807.65,343617.0,799.75,792.56,801.79,786.43,820.81,1,786.43
2026-09-18 13:15:00+05:30,807.65,808.75,805.5,807.5,345347.0,801.3,793.92,802.53,789.68,820.81,1,789.68
2026-09-18 13:45:00+05:30,807.2,809.3,806.5,807.95,228339.0,802.63,795.2,802.97,791.36,820.81,1,791.36
2026-09-18 14:15:00+05:30,807.9,809.25,806.65,808.85,245471.0,803.87,796.44,803.39,792.29,820.81,1,792.29
2026-09-18 14:45:00+05:30,808.9,812.0,808.3,809.85,855918.0,805.07,797.66,804.85,794.94,820.81,1,794.94
2026-09-18 15:15:00+05:30,809.95,809.95,808.0,808.0,226233.0,805.65,798.6,805.06,794.94,820.81,1,794.94
2026-09-21 09:15:00+05:30,810.25,817.0,810.25,812.25,434704.0,806.97,799.84,813.17,798.08,820.81,1,798.08
2026-09-21 09:45:00+05:30,812.2,812.5,798.65,803.2,253843.0,806.22,800.14,810.08,798.08,820.81,1,798.08
2026-09-21 10:15:00+05:30,803.2,812.85,803.0,806.15,176597.0,806.2,800.69,809.52,798.08,820.81,1,798.08
2026-09-21 10:45:00+05:30,806.5,809.05,805.5,808.85,78004.0,806.73,801.43,809.37,798.08,820.81,1,798.08
2026-09-21 11:15:00+05:30,808.7,809.7,804.45,807.45,244704.0,806.88,801.98,808.93,798.08,820.81,1,798.08
2026-09-21 11:45:00+05:30,807.45,808.0,803.6,806.95,113564.0,806.89,802.43,808.69,798.08,820.81,1,798.08
2026-09-21 12:15:00+05:30,806.95,807.0,802.2,803.4,61297.0,806.19,802.52,808.49,798.08,820.81,1,798.08
2026-09-21 12:45:00+05:30,803.4,803.8,800.85,802.7,105421.0,805.49,802.54,808.05,798.08,818.81,1,798.08
2026-09-21 13:15:00+05:30,802.3,803.45,797.7,797.7,58587.0,803.94,802.1,807.73,798.08,817.14,-1,817.14
2026-09-21 13:45:00+05:30,798.0,800.0,796.7,797.25,77576.0,802.6,801.66,807.26,782.45,814.25,-1,814.25
2026-09-21 14:15:00+05:30,797.25,798.25,796.4,797.75,38860.0,801.63,801.3,807.03,782.46,812.19,-1,812.19
2026-09-21 14:45:00+05:30,797.25,798.2,794.55,794.7,340021.0,800.24,800.7,805.1,782.46,810.84,-1,810.84
2026-09-21 15:15:00+05:30,794.1,795.25,794.1,795.25,13037.0,799.24,800.2,805.04,782.46,808.04,-1,808.04
2026-09-22 09:15:00+05:30,798.4,801.6,794.5,800.8,96631.0,799.56,800.26,798.97,783.89,808.04,-1,808.04
2026-09-22 09:45:00+05:30,801.4,801.85,796.65,799.1,109733.0,799.46,800.15,799.09,784.95,808.04,-1,808.04
2026-09-22 10:15:00+05:30,799.05,799.8,795.9,796.2,53936.0,798.81,799.79,798.72,784.95,808.04,-1,808.04
2026-09-22 10:45:00+05:30,796.35,804.4,795.1,801.7,254338.0,799.39,799.97,799.55,784.95,808.04,-1,808.04
2026-09-22 11:15:00+05:30,802.0,803.65,799.2,800.6,159230.0,799.63,800.02,799.93,786.2,808.04,-1,808.04
2026-09-22 11:45:00+05:30,801.0,803.7,800.55,802.15,40162.0,800.14,800.22,800.05,787.48,808.04,-1,808.04
2026-09-22 12:15:00+05:30,802.35,803.1,800.2,800.3,46701.0,800.17,800.23,800.12,787.6,808.04,-1,808.04
2026-09-22 12:45:00+05:30,800.8,800.95,798.35,799.7,45530.0,800.07,800.18,800.1,787.6,808.04,-1,808.04
2026-09-22 13:15:00+05:30,799.8,807.4,795.5,802.6,227341.0,800.58,800.4,800.48,787.6,808.04,-1,808.04
2026-09-22 13:45:00+05:30,802.4,804.8,801.75,804.8,68749.0,801.42,800.8,800.68,788.27,808.04,-1,808.04
2026-09-22 14:15:00+05:30,804.85,807.0,804.4,805.1,136164.0,802.16,801.19,801.21,791.42,808.04,-1,808.04
2026-09-22 14:45:00+05:30,805.35,806.4,801.85,806.0,218505.0,802.93,801.63,801.74,791.42,808.04,-1,808.04
2026-09-22 15:15:00+05:30,806.0,809.0,806.0,809.0,70398.0,804.14,802.3,802.03,793.8,808.04,1,793.8
2026-09-23 09:15:00+05:30,807.15,814.8,804.75,808.45,192803.0,805.0,802.86,809.33,794.43,825.12,1,794.43
2026-09-23 09:45:00+05:30,808.4,813.9,806.0,812.6,169733.0,806.52,803.74,810.04,794.43,825.12,1,794.43
2026-09-23 10:15:00+05:30,812.8,823.0,812.1,821.0,426560.0,809.42,805.31,814.72,799.72,825.12,1,799.72
2026-09-23 10:45:00+05:30,821.0,822.3,819.0,820.15,242440.0,811.56,806.66,816.07,803.61,825.12,1,803.61
2026-09-23 11:15:00+05:30,820.45,822.0,820.0,820.25,192097.0,813.3,807.9,816.81,805.07,825.12,1,805.07
2026-09-23 11:45:00+05:30,820.25,822.4,819.7,821.3,128947.0,814.9,809.11,817.22,805.9,825.12,1,805.9
2026-09-23 12:15:00+05:30,821.25,825.9,821.1,823.2,263247.0,816.56,810.39,818.23,808.42,825.12,1,808.42
2026-09-23 12:45:00+05:30,823.5,825.9,823.2,825.1,198204.0,818.27,811.73,818.94,810.17,825.12,1,810.17
2026-09-23 13:15:00+05:30,825.15,825.9,823.25,824.5,132228.0,819.52,812.89,819.32,810.84,825.12,1,810.84
2026-09-23 13:45:00+05:30,824.55,831.1,824.5,830.0,369447.0,821.61,814.45,820.79,813.46,825.12,1,813.46
2026-09-23 14:15:00+05:30,830.0,832.6,829.25,832.3,391504.0,823.75,816.07,822.32,817.01,844.84,1,817.01
2026-09-23 14:45:00+05:30,832.3,833.0,830.1,833.0,403757.0,825.6,817.61,823.58,818.16,844.84,1,818.16
2026-09-24 09:15:00+05:30,828.45,831.0,822.4,825.45,256100.0,825.57,818.32,826.28,818.16,841.93,1,818.16
2026-09-24 09:45:00+05:30,825.9,826.85,823.8,825.65,207660.0,825.59,818.99,825.9,818.16,839.95,1,818.16
2026-09-24 10:15:00+05:30,826.0,836.35,825.3,835.75,279975.0,827.62,820.51,828.37,818.16,839.95,1,818.16
2026-09-24 10:45:00+05:30,835.75,836.95,832.1,832.5,261814.0,828.59,821.6,829.8,818.24,839.95,1,818.24
2026-09-24 11:15:00+05:30,832.5,834.2,825.0,826.95,286790.0,828.27,822.09,829.56,818.24,839.95,1,818.24
2026-09-24 11:45:00+05:30,826.85,829.85,824.95,826.0,176200.0,827.81,822.44,829.24,818.24,839.95,1,818.24
2026-09-24 12:15:00+05:30,826.0,829.0,825.6,827.0,134396.0,827.65,822.86,829.07,818.24,839.95,1,818.24
2026-09-24 12:45:00+05:30,827.05,829.0,827.0,828.0,89612.0,827.72,823.33,829.02,818.24,839.95,1,818.24
2026-09-24 13:15:00+05:30,828.0,829.0,821.7,821.95,111100.0,826.57,823.2,828.72,818.24,839.95,1,818.24
2026-09-24 13:45:00+05:30,821.95,822.25,818.4,822.25,226592.0,825.7,823.11,827.85,818.24,835.93,1,818.24
2026-09-24 14:15:00+05:30,822.3,822.4,818.55,820.7,102662.0,824.7,822.89,827.5,818.24,835.67,1,818.24
2026-09-24 14:45:00+05:30,820.75,821.9,815.3,816.9,314761.0,823.14,822.35,826.29,818.24,834.26,-1,834.26
2026-09-24 15:15:00+05:30,816.0,816.3,816.0,816.3,12417.0,821.77,821.8,826.23,801.79,830.51,-1,830.51
2026-09-25 09:15:00+05:30,817.95,827.3,816.0,825.0,196877.0,822.42,822.09,822.77,805.33,830.51,-1,830.51
2026-09-25 09:45:00+05:30,825.2,827.0,824.3,825.5,445107.0,823.04,822.4,824.73,810.16,830.51,-1,830.51
2026-09-25 10:15:00+05:30,825.75,832.8,825.0,830.8,272226.0,824.59,823.16,826.16,812.61,830.51,1,812.61
2026-09-25 10:45:00+05:30,830.5,835.4,829.55,832.05,273190.0,826.08,823.97,827.58,816.06,848.89,1,816.06
2026-09-25 11:15:00+05:30,832.05,834.65,825.7,825.75,267520.0,826.01,824.13,827.79,816.06,847.63,1,816.06
2026-09-25 11:45:00+05:30,825.95,831.5,822.75,822.8,622526.0,825.37,824.01,827.16,816.06,845.46,1,816.06
2026-09-25 12:15:00+05:30,822.9,823.25,820.1,821.0,209405.0,824.5,823.74,826.63,816.06,839.12,1,816.06
2026-09-25 12:45:00+05:30,821.65,823.4,818.0,818.0,109851.0,823.2,823.22,826.32,816.06,838.02,1,816.06
2026-09-25 13:15:00+05:30,818.25,820.2,817.5,819.35,127413.0,822.43,822.87,825.95,816.06,835.25,1,816.06
2026-09-25 13:45:00+05:30,819.25,826.5,819.25,824.25,184569.0,822.79,822.99,825.77,816.06,835.25,1,816.06
2026-09-25 14:15:00+05:30,824.55,825.95,823.0,824.35,109631.0,823.1,823.11,825.72,816.06,835.25,1,816.06
2026-09-25 14:45:00+05:30,824.7,825.2,822.1,824.5,220133.0,823.38,823.24,825.59,816.06,835.25,1,816.06
2026-09-28 09:15:00+05:30,824.1,824.1,807.7,815.9,242562.0,821.89,822.57,815.9,816.06,834.84,-1,834.84
2026-09-28 09:45:00+05:30,815.6,820.5,814.6,818.55,223098.0,821.22,822.21,816.85,798.73,834.84,-1,834.84
2026-09-28 10:15:00+05:30,818.45,822.1,816.0,819.2,262837.0,820.82,821.93,817.66,800.29,834.84,-1,834.84
2026-09-28 10:45:00+05:30,819.65,823.35,818.25,820.0,471144.0,820.65,821.76,818.79,802.38,834.84,-1,834.84
2026-09-28 11:15:00+05:30,820.3,823.9,818.3,822.55,434258.0,821.03,821.83,819.53,802.84,834.84,-1,834.84
2026-09-28 11:45:00+05:30,822.85,827.3,821.8,822.55,383190.0,821.34,821.9,820.36,806.47,834.84,-1,834.84
2026-09-28 12:15:00+05:30,822.6,825.0,821.9,822.6,215106.0,821.59,821.96,820.63,806.47,834.84,-1,834.84
2026-09-28 12:45:00+05:30,822.9,822.9,816.15,816.4,442216.0,820.55,821.45,820.27,806.47,834.84,-1,834.84
2026-09-28 13:15:00+05:30,816.25,817.7,814.5,815.25,194793.0,819.49,820.89,819.97,806.47,832.82,-1,832.82
2026-09-28 13:45:00+05:30,815.25,816.45,812.75,813.45,185065.0,818.28,820.21,819.62,806.47,830.75,-1,830.75
2026-09-28 14:15:00+05:30,813.2,813.65,808.7,809.7,153166.0,816.57,819.26,819.2,806.47,827.2,-1,827.2
2026-09-28 14:45:00+05:30,809.7,812.9,806.55,807.9,348869.0,814.83,818.23,818.21,806.47,826.05,-1,826.05
2026-09-29 09:15:00+05:30,808.35,810.4,798.9,809.85,174545.0,813.84,817.46,806.38,806.47,822.79,-1,822.79
2026-09-29 09:45:00+05:30,809.85,811.3,804.8,806.2,150640.0,812.31,816.44,806.87,806.47,822.79,-1,822.79
2026-09-29 10:15:00+05:30,806.45,807.5,799.35,800.25,104095.0,809.9,814.97,805.78,784.53,822.32,-1,822.32
2026-09-29 10:45:00+05:30,800.25,803.35,800.1,803.25,72427.0,808.57,813.9,805.27,784.53,819.71,-1,819.71
2026-09-29 11:15:00+05:30,803.5,811.3,802.3,810.35,268810.0,808.92,813.58,806.21,787.92,819.71,-1,819.71
2026-09-29 11:45:00+05:30,810.05,811.9,804.9,809.85,321054.0,809.11,813.24,807.0,789.3,819.71,-1,819.71
2026-09-29 12:15:00+05:30,810.45,810.45,805.45,810.0,225890.0,809.29,812.95,807.28,789.3,819.71,-1,819.71
2026-09-29 12:45:00+05:30,810.25,816.0,807.6,815.75,409341.0,810.58,813.2,808.66,792.46,819.71,-1,819.71
2026-09-29 13:15:00+05:30,815.85,817.8,814.9,817.6,368614.0,811.98,813.6,810.09,798.08,819.71,-1,819.71
2026-09-29 13:45:00+05:30,817.6,826.75,817.35,825.6,450546.0,814.71,814.69,812.41,802.78,819.71,1,802.78
2026-09-29 14:15:00+05:30,824.9,827.8,823.2,827.4,461699.0,817.25,815.85,814.52,806.78,844.22,1,806.78
2026-09-29 14:45:00+05:30,827.0,827.65,818.5,825.0,1085876.0,818.8,816.68,816.96,806.78,842.67,1,806.78
2026-09-29 15:15:00+05:30,825.05,825.05,815.65,815.65,126951.0,818.17,816.59,817.01,806.78,840.8,1,806.78
2026-09-30 09:15:00+05:30,821.4,829.95,820.0,825.95,249251.0,819.72,817.44,825.3,806.78,840.8,1,806.78
2026-09-30 09:45:00+05:30,826.65,829.5,825.95,827.55,145463.0,821.29,818.36,826.17,806.78,840.8,1,806.78
2026-09-30 10:15:00+05:30,827.5,830.4,817.05,818.3,290627.0,820.69,818.35,824.37,806.78,840.8,1,806.78
2026-09-30 10:45:00+05:30,818.3,822.2,816.85,820.65,102098.0,820.68,818.56,823.79,806.78,840.8,1,806.78
2026-09-30 11:15:00+05:30,820.65,822.95,819.45,822.75,94656.0,821.1,818.94,823.57,806.78,840.8,1,806.78
2026-09-30 11:45:00+05:30,822.9,825.6,822.35,825.15,83101.0,821.91,819.51,823.63,806.78,840.8,1,806.78
2026-09-30 12:15:00+05:30,825.15,826.15,823.75,824.95,81547.0,822.52,820.0,823.74,806.78,840.8,1,806.78
2026-09-30 12:45:00+05:30,824.95,825.8,824.4,825.0,185624.0,823.01,820.45,823.94,807.64,840.8,1,807.64
2026-09-30 13:15:00+05:30,825.0,836.95,824.7,832.2,388545.0,824.85,821.52,825.7,811.43,840.8,1,811.43
2026-09-30 13:45:00+05:30,832.2,836.85,831.5,833.15,222919.0,826.51,822.58,826.68,815.12,840.8,1,815.12
2026-09-30 14:15:00+05:30,833.15,833.65,826.7,828.05,214062.0,826.82,823.08,826.97,815.12,840.8,1,815.12
2026-09-30 14:45:00+05:30,828.3,832.5,827.35,830.3,499185.0,827.51,823.73,827.57,815.12,840.8,1,815.12
2026-09-30 15:15:00+05:30,830.0,830.0,830.0,830.0,79599.0,828.01,824.3,827.65,815.12,840.8,1,815.12
2026-10-01 09:15:00+05:30,827.1,827.15,811.0,814.2,163784.0,825.25,823.38,817.45,815.12,840.13,-1,840.13
2026-10-01 09:45:00+05:30,813.1,816.7,809.55,811.5,141141.0,822.5,822.3,815.2,792.03,834.22,-1,834.22
2026-10-01 10:15:00+05:30,811.65,812.15,807.1,807.15,124263.0,819.43,820.93,813.35,792.03,830.13,-1,830.13
2026-10-01 10:45:00+05:30,807.2,807.2,801.95,802.9,137131.0,816.12,819.29,811.09,792.03,824.6,-1,824.6
2026-10-01 11:15:00+05:30,802.6,810.9,801.5,810.25,156407.0,814.95,818.47,810.32,792.03,824.6,-1,824.6
2026-10-01 11:45:00+05:30,810.1,810.9,797.25,798.35,233903.0,811.63,816.64,808.33,792.03,824.6,-1,824.6
2026-10-01 12:15:00+05:30,798.3,798.4,792.85,792.85,173265.0,807.87,814.48,806.24,792.03,817.86,-1,817.86
2026-10-01 12:45:00+05:30,791.8,795.6,788.5,793.7,261927.0,805.04,812.59,803.67,792.03,814.19,-1,814.19
2026-10-01 13:15:00+05:30,793.7,793.8,784.35,785.8,229373.0,801.19,810.15,801.45,792.03,811.84,-1,811.84
2026-10-01 13:45:00+05:30,785.9,790.95,784.8,790.0,308489.0,798.95,808.32,799.39,765.54,810.21,-1,810.21
2026-10-01 14:15:00+05:30,790.35,803.1,786.0,802.9,536685.0,799.74,807.83,798.95,769.32,810.21,-1,810.21
2026-10-01 14:45:00+05:30,802.9,807.85,800.1,802.0,928936.0,800.19,807.3,800.14,778.95,810.21,-1,810.21
2026-10-01 15:15:00+05:30,803.0,805.0,803.0,805.0,8796.0,801.15,807.09,800.15,780.57,810.21,-1,810.21
